year,state,county_fips,county_name,median_income_usd,population_density_per_sq_mi,housing_age_median_years,construction_type,vacancy_rate_pct,homeownership_rate_pct,pct_units_pre1980
2000,AL,01073,Jefferson,50253,681,38,wood,12.3,64.9,43.0
2000,AL,01097,Mobile,46473,451,42,wood,15.2,74.0,53.6
2000,AZ,04013,Maricopa,60964,510,22,masonry,13.1,73.2,20.7
2000,AR,05119,Pulaski,48723,386,36,wood,7.0,63.3,43.2
2000,CA,06037,Los Angeles,72690,2416,45,wood,13.0,60.0,42.7
2000,CA,06073,San Diego,77525,762,32,wood,14.1,62.8,35.0
2000,CO,08031,Denver,68016,4457,40,wood,16.1,59.0,50.0
2000,CO,08041,El Paso,61212,282,28,wood,15.9,54.8,33.2
2000,FL,12057,Hillsborough,54679,1345,32,masonry,7.1,61.5,44.8
2000,FL,12086,Miami-Dade,50721,1404,38,masonry,5.2,63.0,43.5
2000,FL,12095,Orange,56640,1295,28,masonry,15.4,69.9,28.3
2000,GA,13089,DeKalb,56444,2638,40,wood,16.4,58.3,42.9
2000,IL,17031,Cook,62328,5805,52,wood,10.5,56.7,57.5
2000,IL,17167,Sangamon,58281,294,44,wood,12.3,62.3,51.0
2000,IN,18097,Marion,53683,2254,46,wood,5.0,60.7,53.4
2000,IA,19153,Polk,61486,534,38,wood,16.0,68.9,41.7
2000,KS,20091,Johnson,75140,1016,30,wood,14.5,70.3,27.9
2000,KS,20173,Sedgwick,56580,536,40,wood,11.3,56.3,49.9
2000,LA,22033,East Baton Rouge,47518,534,38,wood,5.3,67.9,41.3
2000,LA,22071,Orleans,42266,1984,52,wood,13.4,68.0,64.4
2000,MI,26081,Kent,62327,647,42,wood,12.3,59.0,41.7
2000,MN,27003,Anoka,75571,713,38,wood,14.2,52.5,48.5
2000,MN,27053,Hennepin,73480,1882,46,wood,5.4,65.0,60.4
2000,MS,28049,Hinds,39257,293,46,wood,6.3,62.8,54.9
2000,MO,29095,Jackson,54546,1505,44,wood,10.9,70.5,54.6
2000,NE,31055,Douglas,62670,1438,38,wood,7.5,61.0,47.4
2000,NV,32003,Clark,57829,474,28,masonry,5.9,69.8,31.8
2000,NJ,34013,Essex,60267,6101,58,masonry,15.5,66.2,57.3
2000,NY,36029,Erie,55956,697,55,wood,15.4,69.9,64.6
2000,NY,36059,Nassau,100446,4729,58,masonry,10.3,57.5,74.4
2000,NY,36103,Suffolk,97959,1618,50,wood,12.7,68.1,54.9
2000,NC,37119,Mecklenburg,60716,1031,28,wood,6.3,62.1,33.3
2000,OH,39035,Cuyahoga,52268,2757,54,wood,11.8,67.6,56.2
2000,OH,39049,Franklin,61156,1489,36,wood,12.2,55.8,41.9
2000,OK,40109,Oklahoma,55307,823,36,wood,12.6,66.4,38.5
2000,OK,40143,Tulsa,52990,924,40,wood,17.1,59.2,48.0
2000,OR,41051,Multnomah,66854,1689,42,wood,13.8,66.2,54.4
2000,PA,42101,Philadelphia,47295,11491,60,masonry,12.9,59.4,71.4
2000,SC,45045,Greenville,54629,497,30,wood,6.0,64.2,36.3
2000,TN,47037,Davidson,58331,1271,35,wood,15.6,55.7,40.0
2000,TN,47157,Shelby,54032,1365,40,wood,10.8,56.4,46.3
2000,TX,48029,Bexar,55246,1034,28,masonry,9.9,67.2,26.7
2000,TX,48113,Dallas,63654,2901,34,wood,14.4,63.2,42.7
2000,TX,48141,El Paso,46687,790,32,masonry,11.1,52.1,32.2
2000,TX,48201,Harris,55410,2667,32,wood,17.9,68.5,34.5
2000,TX,48439,Tarrant,62780,2279,30,wood,13.1,62.9,32.8
2000,UT,49035,Salt Lake,70457,1396,32,masonry,10.5,58.8,37.4
2000,VA,51059,Fairfax,115643,2761,38,wood,10.3,57.5,51.7
2000,WA,53033,King,95910,940,36,wood,6.2,72.3,47.0
2000,WI,55079,Milwaukee,46105,6087,54,wood,8.5,72.4,60.3
2001,AL,01073,Jefferson,52183,680,38,wood,10.5,56.1,43.8
2001,AL,01097,Mobile,48134,460,42,wood,14.9,58.5,50.5
2001,AZ,04013,Maricopa,64054,511,22,masonry,17.3,54.9,23.3
2001,AR,05119,Pulaski,51706,388,36,wood,17.5,60.3,32.8
2001,CA,06037,Los Angeles,73679,2406,45,wood,8.3,58.4,52.6
2001,CA,06073,San Diego,76231,760,32,wood,5.3,67.4,46.0
2001,CO,08031,Denver,69216,4597,40,wood,13.3,62.9,43.9
2001,CO,08041,El Paso,61700,277,28,wood,17.9,68.3,31.9
2001,FL,12057,Hillsborough,53513,1371,32,masonry,15.3,57.9,38.3
2001,FL,12086,Miami-Dade,50551,1377,38,masonry,10.6,52.0,47.7
2001,FL,12095,Orange,59796,1320,28,masonry,8.4,67.0,29.7
2001,GA,13089,DeKalb,58216,2582,40,wood,10.7,61.2,47.4
2001,IL,17031,Cook,62284,5682,52,wood,6.7,66.9,54.0
2001,IL,17167,Sangamon,57573,293,44,wood,7.0,54.3,48.2
2001,IN,18097,Marion,55512,2318,46,wood,10.2,68.4,59.4
2001,IA,19153,Polk,62933,522,38,wood,11.6,59.9,43.4
2001,KS,20091,Johnson,76479,1005,30,wood,10.6,65.3,43.1
2001,KS,20173,Sedgwick,57003,535,40,wood,5.2,66.9,46.6
2001,LA,22033,East Baton Rouge,50342,538,38,wood,6.8,61.4,52.1
2001,LA,22071,Orleans,41615,2051,52,wood,8.9,63.8,59.4
2001,MI,26081,Kent,61732,659,42,wood,8.6,52.9,39.6
2001,MN,27003,Anoka,73957,707,38,wood,13.3,61.6,37.7
2001,MN,27053,Hennepin,72369,1922,46,wood,9.3,67.1,57.8
2001,MS,28049,Hinds,39156,296,46,wood,12.4,54.6,53.7
2001,MO,29095,Jackson,56033,1527,44,wood,10.7,59.9,41.2
2001,NE,31055,Douglas,66542,1425,38,wood,7.9,68.4,47.2
2001,NV,32003,Clark,60071,481,28,masonry,9.2,62.9,33.2
2001,NJ,34013,Essex,60921,6073,58,masonry,17.5,70.5,64.7
2001,NY,36029,Erie,57390,709,55,wood,11.5,62.2,62.9
2001,NY,36059,Nassau,107849,4733,58,masonry,6.7,53.7,67.8
2001,NY,36103,Suffolk,95341,1590,50,wood,14.4,56.5,71.5
2001,NC,37119,Mecklenburg,66756,1051,28,wood,14.8,73.7,34.2
2001,OH,39035,Cuyahoga,48984,2795,54,wood,16.4,58.6,63.4
2001,OH,39049,Franklin,57196,1515,36,wood,17.5,57.6,39.9
2001,OK,40109,Oklahoma,52730,832,36,wood,9.8,71.5,44.8
2001,OK,40143,Tulsa,53436,930,40,wood,6.5,58.2,49.7
2001,OR,41051,Multnomah,66989,1683,42,wood,17.4,68.4,48.0
2001,PA,42101,Philadelphia,48537,11993,60,masonry,15.9,67.5,63.3
2001,SC,45045,Greenville,57448,485,30,wood,11.6,69.6,40.4
2001,TN,47037,Davidson,58506,1258,35,wood,8.8,62.5,48.8
2001,TN,47157,Shelby,50778,1340,40,wood,17.0,53.5,36.8
2001,TX,48029,Bexar,60884,1048,28,masonry,6.1,62.6,31.9
2001,TX,48113,Dallas,66185,2910,34,wood,7.2,73.8,38.6
2001,TX,48141,El Paso,44658,804,32,masonry,15.7,69.4,38.2
2001,TX,48201,Harris,56096,2752,32,wood,16.8,54.8,35.2
2001,TX,48439,Tarrant,64895,2282,30,wood,6.8,52.9,26.0
2001,UT,49035,Salt Lake,71798,1406,32,masonry,7.3,72.3,42.7
2001,VA,51059,Fairfax,127250,2836,38,wood,14.1,60.0,41.6
2001,WA,53033,King,96995,959,36,wood,13.3,61.3,37.6
2001,WI,55079,Milwaukee,45585,6183,54,wood,17.4,70.7,63.6
2002,AL,01073,Jefferson,55390,699,39,wood,15.5,60.0,45.5
2002,AL,01097,Mobile,48484,453,43,wood,9.4,56.4,51.6
2002,AZ,04013,Maricopa,60893,519,23,masonry,13.8,73.3,28.4
2002,AR,05119,Pulaski,53725,389,37,wood,11.8,66.5,59.3
2002,CA,06037,Los Angeles,77647,2433,46,wood,5.6,53.2,58.6
2002,CA,06073,San Diego,80831,759,33,wood,12.5,72.6,30.1
2002,CO,08031,Denver,68439,4549,41,wood,6.6,73.1,40.1
2002,CO,08041,El Paso,61296,278,29,wood,17.9,72.5,36.4
2002,FL,12057,Hillsborough,57348,1384,33,masonry,11.0,67.5,45.7
2002,FL,12086,Miami-Dade,50966,1379,39,masonry,16.5,55.6,43.4
2002,FL,12095,Orange,59001,1291,29,masonry,9.6,60.8,34.5
2002,GA,13089,DeKalb,58962,2677,41,wood,14.0,57.0,52.8
2002,IL,17031,Cook,68040,5849,53,wood,6.5,58.4,62.6
2002,IL,17167,Sangamon,59452,293,45,wood,5.5,56.5,64.3
2002,IN,18097,Marion,57388,2348,47,wood,9.9,66.0,54.2
2002,IA,19153,Polk,67185,543,39,wood,13.6,73.1,42.3
2002,KS,20091,Johnson,83135,994,31,wood,7.7,54.2,37.6
2002,KS,20173,Sedgwick,57828,528,41,wood,12.9,56.6,49.4
2002,LA,22033,East Baton Rouge,50958,545,39,wood,13.7,52.8,48.7
2002,LA,22071,Orleans,44938,2003,53,wood,5.4,68.8,57.5
2002,MI,26081,Kent,61623,653,43,wood,10.0,67.3,52.0
2002,MN,27003,Anoka,74358,717,39,wood,5.8,53.4,36.9
2002,MN,27053,Hennepin,74625,1951,47,wood,11.4,56.5,50.2
2002,MS,28049,Hinds,41742,289,47,wood,5.6,58.1,59.6
2002,MO,29095,Jackson,54537,1529,45,wood,13.2,56.4,52.8
2002,NE,31055,Douglas,65617,1414,39,wood,9.6,65.1,51.4
2002,NV,32003,Clark,58533,475,29,masonry,15.1,72.9,41.7
2002,NJ,34013,Essex,63260,6201,59,masonry,12.0,57.5,65.6
2002,NY,36029,Erie,57568,719,56,wood,14.9,52.2,70.7
2002,NY,36059,Nassau,107129,4796,59,masonry,13.6,68.6,66.5
2002,NY,36103,Suffolk,92953,1640,51,wood,11.0,71.3,57.2
2002,NC,37119,Mecklenburg,67058,1054,29,wood,11.6,59.7,38.0
2002,OH,39035,Cuyahoga,53540,2851,55,wood,18.0,55.2,62.1
2002,OH,39049,Franklin,63824,1516,37,wood,15.7,58.7,34.4
2002,OK,40109,Oklahoma,56305,852,37,wood,6.8,59.2,40.8
2002,OK,40143,Tulsa,55623,932,41,wood,12.2,63.3,52.5
2002,OR,41051,Multnomah,65266,1669,43,wood,5.4,65.2,62.3
2002,PA,42101,Philadelphia,48574,11621,61,masonry,7.2,67.3,63.9
2002,SC,45045,Greenville,60596,503,31,wood,17.4,60.1,33.9
2002,TN,47037,Davidson,58255,1267,36,wood,16.1,59.6,41.5
2002,TN,47157,Shelby,55844,1364,41,wood,9.8,54.4,50.8
2002,TX,48029,Bexar,58750,1044,29,masonry,16.9,53.8,38.6
2002,TX,48113,Dallas,65090,2904,35,wood,12.4,67.7,40.0
2002,TX,48141,El Paso,46331,821,33,masonry,14.7,69.4,40.7
2002,TX,48201,Harris,57273,2758,33,wood,7.1,65.5,40.2
2002,TX,48439,Tarrant,64728,2294,31,wood,9.9,54.5,33.6
2002,UT,49035,Salt Lake,71177,1404,33,masonry,10.3,52.2,42.1
2002,VA,51059,Fairfax,123943,2814,39,wood,13.1,56.2,44.9
2002,WA,53033,King,100099,942,37,wood,17.2,68.5,38.3
2002,WI,55079,Milwaukee,48590,6320,55,wood,9.4,73.3,51.3
2003,AL,01073,Jefferson,55639,692,40,wood,7.2,53.1,48.0
2003,AL,01097,Mobile,47976,463,44,wood,13.5,60.3,48.2
2003,AZ,04013,Maricopa,64091,519,24,masonry,11.7,52.6,28.3
2003,AR,05119,Pulaski,50696,402,38,wood,17.9,67.5,39.5
2003,CA,06037,Los Angeles,79572,2433,47,wood,12.2,56.7,57.6
2003,CA,06073,San Diego,82441,771,34,wood,7.8,73.4,41.5
2003,CO,08031,Denver,73038,4564,42,wood,13.7,53.9,40.3
2003,CO,08041,El Paso,68181,288,30,wood,6.9,64.9,39.8
2003,FL,12057,Hillsborough,59043,1385,34,masonry,8.2,60.3,42.8
2003,FL,12086,Miami-Dade,52323,1415,40,masonry,7.1,63.9,45.5
2003,FL,12095,Orange,58012,1298,30,masonry,7.0,58.6,35.8
2003,GA,13089,DeKalb,65580,2628,42,wood,8.7,58.0,44.8
2003,IL,17031,Cook,66168,5790,54,wood,7.0,64.0,57.5
2003,IL,17167,Sangamon,57821,290,46,wood,6.1,73.5,53.3
2003,IN,18097,Marion,56103,2334,48,wood,14.4,54.5,62.2
2003,IA,19153,Polk,63375,527,40,wood,7.7,73.7,33.5
2003,KS,20091,Johnson,84150,1034,32,wood,11.8,69.5,40.3
2003,KS,20173,Sedgwick,55882,548,42,wood,11.1,62.8,40.9
2003,LA,22033,East Baton Rouge,54505,550,40,wood,11.3,63.3,45.9
2003,LA,22071,Orleans,43225,2032,54,wood,13.0,63.7,59.9
2003,MI,26081,Kent,61402,656,44,wood,17.9,68.0,54.1
2003,MN,27003,Anoka,74915,726,40,wood,16.1,60.1,39.1
2003,MN,27053,Hennepin,78929,1948,48,wood,7.5,63.4,62.2
2003,MS,28049,Hinds,42740,290,48,wood,6.4,71.9,47.3
2003,MO,29095,Jackson,58406,1541,46,wood,5.3,63.9,48.6
2003,NE,31055,Douglas,70950,1418,40,wood,15.6,56.0,50.5
2003,NV,32003,Clark,58618,482,30,masonry,6.1,71.7,39.7
2003,NJ,34013,Essex,66477,6191,60,masonry,5.6,60.6,71.8
2003,NY,36029,Erie,58353,706,57,wood,15.9,67.6,67.6
2003,NY,36059,Nassau,108656,4748,60,masonry,6.5,62.8,70.8
2003,NY,36103,Suffolk,99696,1651,52,wood,11.6,56.3,59.5
2003,NC,37119,Mecklenburg,64607,1059,30,wood,6.0,70.5,39.3
2003,OH,39035,Cuyahoga,55023,2805,56,wood,13.3,62.1,57.8
2003,OH,39049,Franklin,62817,1510,38,wood,9.8,73.1,46.7
2003,OK,40109,Oklahoma,57646,845,38,wood,17.5,63.5,47.1
2003,OK,40143,Tulsa,56408,938,42,wood,12.6,63.7,48.1
2003,OR,41051,Multnomah,71829,1683,44,wood,5.8,59.8,43.3
2003,PA,42101,Philadelphia,51284,11765,62,masonry,17.2,69.5,73.0
2003,SC,45045,Greenville,57510,489,32,wood,15.3,70.2,36.9
2003,TN,47037,Davidson,60323,1279,37,wood,8.1,59.6,43.0
2003,TN,47157,Shelby,54867,1377,42,wood,9.5,54.9,42.8
2003,TX,48029,Bexar,62766,1075,30,masonry,14.4,59.7,36.5
2003,TX,48113,Dallas,66287,2925,36,wood,11.8,71.6,47.0
2003,TX,48141,El Paso,49003,817,34,masonry,16.2,70.5,36.4
2003,TX,48201,Harris,57498,2744,34,wood,15.8,52.9,30.3
2003,TX,48439,Tarrant,68861,2295,32,wood,10.4,56.9,44.0
2003,UT,49035,Salt Lake,75176,1399,34,masonry,14.1,62.9,44.4
2003,VA,51059,Fairfax,126740,2816,40,wood,13.1,66.6,50.6
2003,WA,53033,King,94555,946,38,wood,17.0,70.2,49.5
2003,WI,55079,Milwaukee,47114,6215,56,wood,12.1,57.4,65.5
2004,AL,01073,Jefferson,56575,705,41,wood,12.0,61.2,46.4
2004,AL,01097,Mobile,49736,450,45,wood,17.5,71.3,59.5
2004,AZ,04013,Maricopa,63977,518,25,masonry,14.3,67.8,37.4
2004,AR,05119,Pulaski,51934,395,39,wood,7.3,64.4,48.3
2004,CA,06037,Los Angeles,75781,2414,48,wood,15.6,65.2,62.1
2004,CA,06073,San Diego,80830,778,35,wood,6.0,71.5,38.0
2004,CO,08031,Denver,70426,4537,43,wood,11.7,60.1,53.2
2004,CO,08041,El Paso,64063,287,31,wood,5.4,53.8,40.2
2004,FL,12057,Hillsborough,60166,1389,35,masonry,14.6,54.4,38.8
2004,FL,12086,Miami-Dade,56722,1424,41,masonry,15.3,58.6,50.0
2004,FL,12095,Orange,59327,1330,31,masonry,8.5,72.7,28.5
2004,GA,13089,DeKalb,65227,2612,43,wood,16.6,71.0,52.4
2004,IL,17031,Cook,68465,5800,55,wood,15.6,62.1,59.8
2004,IL,17167,Sangamon,60089,297,47,wood,6.6,70.1,46.0
2004,IN,18097,Marion,59960,2391,49,wood,8.8,65.9,53.4
2004,IA,19153,Polk,67474,536,41,wood,5.5,55.2,54.3
2004,KS,20091,Johnson,85801,1024,33,wood,17.2,69.1,46.1
2004,KS,20173,Sedgwick,59363,530,43,wood,11.6,71.5,46.6
2004,LA,22033,East Baton Rouge,51653,545,41,wood,9.0,63.8,48.8
2004,LA,22071,Orleans,46270,2053,55,wood,17.4,59.9,58.8
2004,MI,26081,Kent,64566,669,45,wood,7.6,53.6,53.4
2004,MN,27003,Anoka,79595,724,41,wood,10.0,71.5,49.3
2004,MN,27053,Hennepin,75758,1968,49,wood,13.9,56.4,62.4
2004,MS,28049,Hinds,41773,290,49,wood,8.8,53.4,53.4
2004,MO,29095,Jackson,60201,1536,47,wood,9.3,62.3,57.8
2004,NE,31055,Douglas,70356,1463,41,wood,6.9,57.1,43.6
2004,NV,32003,Clark,65202,480,31,masonry,6.5,55.6,25.3
2004,NJ,34013,Essex,66855,6119,61,masonry,12.7,72.0,72.8
2004,NY,36029,Erie,62767,712,58,wood,7.0,54.9,65.6
2004,NY,36059,Nassau,106217,4888,61,masonry,8.3,69.7,69.9
2004,NY,36103,Suffolk,100900,1610,53,wood,6.9,68.1,60.6
2004,NC,37119,Mecklenburg,64847,1072,31,wood,7.8,52.3,50.8
2004,OH,39035,Cuyahoga,56564,2824,57,wood,6.9,70.8,66.8
2004,OH,39049,Franklin,64609,1516,39,wood,16.5,58.1,47.5
2004,OK,40109,Oklahoma,58168,844,39,wood,8.7,64.0,44.3
2004,OK,40143,Tulsa,58016,933,43,wood,8.3,72.1,54.9
2004,OR,41051,Multnomah,71895,1738,45,wood,15.0,70.0,52.9
2004,PA,42101,Philadelphia,51515,11816,63,masonry,13.0,53.2,67.7
2004,SC,45045,Greenville,61706,505,33,wood,7.6,73.4,35.7
2004,TN,47037,Davidson,62977,1294,38,wood,9.5,72.0,49.3
2004,TN,47157,Shelby,54379,1392,43,wood,8.2,69.2,58.9
2004,TX,48029,Bexar,59001,1067,31,masonry,6.4,72.8,37.3
2004,TX,48113,Dallas,67889,2920,37,wood,10.0,64.9,40.3
2004,TX,48141,El Paso,47407,816,35,masonry,6.6,53.9,47.6
2004,TX,48201,Harris,63258,2816,35,wood,11.3,70.5,43.7
2004,TX,48439,Tarrant,65668,2265,33,wood,15.4,62.7,41.0
2004,UT,49035,Salt Lake,76990,1434,35,masonry,15.9,67.1,38.7
2004,VA,51059,Fairfax,130854,2817,41,wood,16.2,73.1,58.1
2004,WA,53033,King,103177,958,39,wood,13.5,53.8,45.0
2004,WI,55079,Milwaukee,51930,6399,57,wood,11.0,71.9,65.1
2005,AL,01073,Jefferson,55613,702,42,wood,9.4,61.7,49.4
2005,AL,01097,Mobile,52503,459,46,wood,15.0,56.7,57.5
2005,AZ,04013,Maricopa,63925,516,26,masonry,12.5,65.8,21.2
2005,AR,05119,Pulaski,55578,404,40,wood,10.7,70.9,52.1
2005,CA,06037,Los Angeles,82205,2486,49,wood,5.6,63.6,63.5
2005,CA,06073,San Diego,81650,771,36,wood,6.8,54.3,54.3
2005,CO,08031,Denver,72018,4626,44,wood,9.6,73.9,50.8
2005,CO,08041,El Paso,65499,282,32,wood,12.5,67.9,35.8
2005,FL,12057,Hillsborough,57980,1410,36,masonry,8.6,63.4,45.7
2005,FL,12086,Miami-Dade,54188,1391,42,masonry,15.2,60.3,44.1
2005,FL,12095,Orange,59883,1326,32,masonry,9.2,56.7,36.0
2005,GA,13089,DeKalb,64361,2689,44,wood,16.0,66.6,59.1
2005,IL,17031,Cook,67708,5831,56,wood,15.4,60.4,70.7
2005,IL,17167,Sangamon,63687,296,48,wood,6.0,71.2,60.8
2005,IN,18097,Marion,57870,2329,50,wood,14.7,55.6,52.5
2005,IA,19153,Polk,71244,542,42,wood,10.2,56.0,51.0
2005,KS,20091,Johnson,84822,1019,34,wood,17.1,55.3,36.9
2005,KS,20173,Sedgwick,59420,546,44,wood,6.1,60.9,47.8
2005,LA,22033,East Baton Rouge,55851,559,42,wood,13.1,52.4,45.9
2005,LA,22071,Orleans,43941,2095,56,wood,10.6,62.3,62.4
2005,MI,26081,Kent,66885,657,46,wood,11.2,56.8,59.1
2005,MN,27003,Anoka,78847,730,42,wood,15.3,69.1,58.8
2005,MN,27053,Hennepin,80222,1924,50,wood,14.1,71.5,54.0
2005,MS,28049,Hinds,45633,299,50,wood,10.3,62.4,55.5
2005,MO,29095,Jackson,58831,1527,48,wood,16.5,67.4,52.5
2005,NE,31055,Douglas,71490,1447,42,wood,8.8,58.8,50.5
2005,NV,32003,Clark,65060,485,32,masonry,16.9,57.5,46.2
2005,NJ,34013,Essex,65491,6190,62,masonry,12.7,73.6,65.7
2005,NY,36029,Erie,64511,705,59,wood,14.3,68.1,65.4
2005,NY,36059,Nassau,116373,4908,62,masonry,17.6,61.2,74.0
2005,NY,36103,Suffolk,107577,1639,54,wood,12.9,58.2,61.4
2005,NC,37119,Mecklenburg,69575,1076,32,wood,5.4,62.9,42.6
2005,OH,39035,Cuyahoga,53347,2844,58,wood,11.7,53.8,62.6
2005,OH,39049,Franklin,62778,1565,40,wood,12.7,60.0,43.7
2005,OK,40109,Oklahoma,55738,867,40,wood,5.4,71.5,58.6
2005,OK,40143,Tulsa,61821,958,44,wood,6.3,54.1,52.1
2005,OR,41051,Multnomah,69763,1751,46,wood,10.2,56.6,51.1
2005,PA,42101,Philadelphia,49420,12027,64,masonry,8.0,64.6,68.9
2005,SC,45045,Greenville,62389,495,34,wood,11.4,58.7,36.4
2005,TN,47037,Davidson,65276,1267,39,wood,12.9,69.1,46.1
2005,TN,47157,Shelby,59120,1404,44,wood,16.6,68.8,57.4
2005,TX,48029,Bexar,62137,1086,32,masonry,16.1,57.7,39.0
2005,TX,48113,Dallas,66962,2931,38,wood,7.7,56.8,44.8
2005,TX,48141,El Paso,48698,811,36,masonry,5.0,65.4,39.7
2005,TX,48201,Harris,64168,2800,36,wood,5.9,71.1,48.1
2005,TX,48439,Tarrant,66073,2264,34,wood,15.3,58.8,42.8
2005,UT,49035,Salt Lake,75727,1439,36,masonry,12.2,68.4,47.7
2005,VA,51059,Fairfax,137413,2838,42,wood,9.8,71.1,48.3
2005,WA,53033,King,101953,981,40,wood,8.8,67.4,47.2
2005,WI,55079,Milwaukee,49556,6451,58,wood,17.1,59.9,61.8
2006,AL,01073,Jefferson,55368,711,42,wood,10.2,59.7,52.2
2006,AL,01097,Mobile,51680,456,46,wood,9.4,58.8,51.6
2006,AZ,04013,Maricopa,67435,520,26,masonry,8.2,62.4,36.7
2006,AR,05119,Pulaski,54304,406,40,wood,13.0,73.1,56.0
2006,CA,06037,Los Angeles,78000,2486,49,wood,6.5,54.0,60.5
2006,CA,06073,San Diego,84042,791,36,wood,14.3,58.0,43.5
2006,CO,08031,Denver,78161,4547,44,wood,17.2,58.2,57.7
2006,CO,08041,El Paso,67281,287,32,wood,6.7,74.0,34.1
2006,FL,12057,Hillsborough,62142,1396,36,masonry,17.2,64.1,37.6
2006,FL,12086,Miami-Dade,57030,1427,42,masonry,6.3,62.6,56.2
2006,FL,12095,Orange,62481,1315,32,masonry,14.4,69.8,36.1
2006,GA,13089,DeKalb,64445,2648,44,wood,11.1,67.0,47.0
2006,IL,17031,Cook,70384,5873,56,wood,9.0,73.7,57.4
2006,IL,17167,Sangamon,61877,293,48,wood,12.3,61.5,52.3
2006,IN,18097,Marion,60837,2328,50,wood,12.4,71.3,53.2
2006,IA,19153,Polk,71650,540,42,wood,11.4,73.5,47.1
2006,KS,20091,Johnson,83681,1015,34,wood,17.2,62.3,42.6
2006,KS,20173,Sedgwick,61479,544,44,wood,9.9,64.5,47.4
2006,LA,22033,East Baton Rouge,53670,562,42,wood,5.8,69.4,46.3
2006,LA,22071,Orleans,45399,2090,56,wood,16.5,55.3,61.8
2006,MI,26081,Kent,66570,667,46,wood,10.3,66.9,54.7
2006,MN,27003,Anoka,76671,732,42,wood,13.1,61.0,45.8
2006,MN,27053,Hennepin,78064,1946,50,wood,6.0,54.5,49.8
2006,MS,28049,Hinds,45847,301,50,wood,9.1,64.8,43.6
2006,MO,29095,Jackson,61483,1546,48,wood,6.2,59.7,54.6
2006,NE,31055,Douglas,68210,1486,42,wood,13.3,58.7,55.3
2006,NV,32003,Clark,64017,492,32,masonry,7.4,73.9,32.8
2006,NJ,34013,Essex,69486,6238,62,masonry,13.4,58.5,71.5
2006,NY,36029,Erie,62561,714,59,wood,7.9,58.7,60.3
2006,NY,36059,Nassau,117230,4910,62,masonry,12.5,67.3,66.7
2006,NY,36103,Suffolk,109578,1674,54,wood,14.3,63.9,62.8
2006,NC,37119,Mecklenburg,72537,1071,32,wood,17.5,72.7,46.9
2006,OH,39035,Cuyahoga,53750,2893,58,wood,6.6,60.0,67.4
2006,OH,39049,Franklin,67415,1538,40,wood,14.1,55.2,40.5
2006,OK,40109,Oklahoma,59696,851,40,wood,8.2,56.8,44.2
2006,OK,40143,Tulsa,61852,962,44,wood,6.2,72.2,48.6
2006,OR,41051,Multnomah,72105,1713,46,wood,15.5,69.9,53.2
2006,PA,42101,Philadelphia,54955,11835,64,masonry,16.9,67.6,80.6
2006,SC,45045,Greenville,61980,496,34,wood,10.9,53.3,33.0
2006,TN,47037,Davidson,64715,1270,39,wood,14.0,71.1,40.5
2006,TN,47157,Shelby,56265,1363,44,wood,6.2,68.9,46.7
2006,TX,48029,Bexar,62424,1061,32,masonry,15.7,61.5,36.5
2006,TX,48113,Dallas,72505,2907,38,wood,15.4,65.6,48.4
2006,TX,48141,El Paso,50118,811,36,masonry,6.7,62.1,39.0
2006,TX,48201,Harris,62081,2774,36,wood,16.6,61.2,50.7
2006,TX,48439,Tarrant,70728,2346,34,wood,9.1,63.8,31.2
2006,UT,49035,Salt Lake,81761,1394,36,masonry,11.0,65.3,38.6
2006,VA,51059,Fairfax,137982,2859,42,wood,7.6,71.8,53.1
2006,WA,53033,King,100497,965,40,wood,10.1,72.8,44.7
2006,WI,55079,Milwaukee,52389,6287,58,wood,16.4,69.8,73.2
2007,AL,01073,Jefferson,56338,693,43,wood,13.5,54.0,49.5
2007,AL,01097,Mobile,53967,465,47,wood,15.9,72.0,61.5
2007,AZ,04013,Maricopa,72367,529,27,masonry,13.3,59.8,30.2
2007,AR,05119,Pulaski,59796,403,41,wood,11.7,63.5,51.1
2007,CA,06037,Los Angeles,84913,2504,50,wood,16.5,68.9,61.9
2007,CA,06073,San Diego,84983,791,37,wood,13.5,72.9,47.8
2007,CO,08031,Denver,77574,4587,45,wood,5.9,54.3,60.3
2007,CO,08041,El Paso,70781,287,33,wood,15.0,60.9,50.0
2007,FL,12057,Hillsborough,65023,1382,37,masonry,12.0,53.9,34.3
2007,FL,12086,Miami-Dade,57412,1431,43,masonry,8.4,54.9,45.8
2007,FL,12095,Orange,62489,1351,33,masonry,5.6,56.3,42.1
2007,GA,13089,DeKalb,65162,2732,45,wood,9.9,55.3,53.6
2007,IL,17031,Cook,73487,5796,57,wood,14.2,69.3,61.2
2007,IL,17167,Sangamon,64274,294,49,wood,13.3,58.8,58.1
2007,IN,18097,Marion,64039,2345,51,wood,6.2,62.9,60.9
2007,IA,19153,Polk,69634,538,43,wood,10.0,70.2,53.6
2007,KS,20091,Johnson,88014,1047,35,wood,13.3,57.5,45.2
2007,KS,20173,Sedgwick,64092,540,45,wood,7.2,65.9,46.4
2007,LA,22033,East Baton Rouge,58912,559,43,wood,14.7,60.5,45.0
2007,LA,22071,Orleans,49444,2049,57,wood,8.3,60.8,60.2
2007,MI,26081,Kent,68356,666,47,wood,6.4,60.1,53.6
2007,MN,27003,Anoka,80655,727,43,wood,8.0,73.8,38.0
2007,MN,27053,Hennepin,78323,1987,51,wood,13.0,61.6,69.1
2007,MS,28049,Hinds,46826,298,51,wood,14.7,68.6,56.7
2007,MO,29095,Jackson,61232,1564,49,wood,11.8,52.5,51.6
2007,NE,31055,Douglas,73230,1494,43,wood,17.2,74.0,51.2
2007,NV,32003,Clark,63047,496,33,masonry,15.0,66.8,35.7
2007,NJ,34013,Essex,71284,6225,63,masonry,10.0,55.1,79.9
2007,NY,36029,Erie,66363,724,60,wood,11.1,59.3,66.2
2007,NY,36059,Nassau,115090,4843,63,masonry,5.9,66.2,71.2
2007,NY,36103,Suffolk,108851,1679,55,wood,9.3,64.9,74.0
2007,NC,37119,Mecklenburg,70746,1064,33,wood,5.0,62.4,25.4
2007,OH,39035,Cuyahoga,54906,2900,59,wood,8.9,56.2,76.9
2007,OH,39049,Franklin,68312,1526,41,wood,9.0,52.4,44.3
2007,OK,40109,Oklahoma,58686,866,41,wood,16.2,65.1,50.4
2007,OK,40143,Tulsa,64091,948,45,wood,17.9,72.8,56.1
2007,OR,41051,Multnomah,77522,1764,47,wood,9.4,70.3,55.1
2007,PA,42101,Philadelphia,53898,12077,65,masonry,16.2,57.8,65.4
2007,SC,45045,Greenville,63973,512,35,wood,14.1,68.2,39.0
2007,TN,47037,Davidson,64062,1302,40,wood,17.1,55.4,50.4
2007,TN,47157,Shelby,59166,1404,45,wood,16.6,55.1,50.5
2007,TX,48029,Bexar,64409,1072,33,masonry,13.5,63.2,41.9
2007,TX,48113,Dallas,69485,2960,39,wood,6.3,68.7,51.3
2007,TX,48141,El Paso,53527,839,37,masonry,9.9,68.0,46.1
2007,TX,48201,Harris,67110,2750,37,wood,13.8,60.6,40.5
2007,TX,48439,Tarrant,71368,2325,35,wood,17.2,54.1,31.3
2007,UT,49035,Salt Lake,77013,1446,37,masonry,17.8,53.5,35.3
2007,VA,51059,Fairfax,132531,2890,43,wood,16.8,71.3,51.7
2007,WA,53033,King,106884,992,41,wood,9.8,60.6,45.0
2007,WI,55079,Milwaukee,50425,6441,59,wood,12.6,52.1,67.8
2008,AL,01073,Jefferson,63330,716,44,wood,13.8,62.0,47.9
2008,AL,01097,Mobile,55828,476,48,wood,11.2,70.6,57.3
2008,AZ,04013,Maricopa,71549,523,28,masonry,5.2,71.2,20.2
2008,AR,05119,Pulaski,59660,404,42,wood,13.5,54.2,45.9
2008,CA,06037,Los Angeles,83357,2480,51,wood,7.2,71.1,53.8
2008,CA,06073,San Diego,90338,776,38,wood,11.9,56.6,36.2
2008,CO,08031,Denver,81246,4640,46,wood,10.9,66.6,45.9
2008,CO,08041,El Paso,69032,286,34,wood,17.4,70.9,54.3
2008,FL,12057,Hillsborough,64614,1396,38,masonry,16.4,52.1,46.2
2008,FL,12086,Miami-Dade,59570,1433,44,masonry,6.4,58.6,58.4
2008,FL,12095,Orange,66401,1349,34,masonry,10.2,71.5,39.8
2008,GA,13089,DeKalb,66786,2684,46,wood,16.0,72.9,56.5
2008,IL,17031,Cook,70555,6046,58,wood,15.7,56.5,59.0
2008,IL,17167,Sangamon,67736,295,50,wood,17.5,62.3,60.1
2008,IN,18097,Marion,59542,2433,52,wood,11.4,53.0,58.0
2008,IA,19153,Polk,74921,555,44,wood,8.3,54.9,40.8
2008,KS,20091,Johnson,92221,1051,36,wood,12.1,64.0,49.4
2008,KS,20173,Sedgwick,64379,557,46,wood,9.4,64.6,55.1
2008,LA,22033,East Baton Rouge,57427,568,44,wood,18.0,61.3,52.3
2008,LA,22071,Orleans,50593,2099,58,wood,5.5,56.3,73.9
2008,MI,26081,Kent,69973,666,48,wood,9.6,64.0,55.6
2008,MN,27003,Anoka,85014,724,44,wood,15.4,53.9,47.1
2008,MN,27053,Hennepin,81545,1939,52,wood,8.2,66.3,61.5
2008,MS,28049,Hinds,44510,296,52,wood,5.3,55.1,63.4
2008,MO,29095,Jackson,61141,1542,50,wood,10.8,58.8,60.1
2008,NE,31055,Douglas,74756,1502,44,wood,10.5,63.3,40.7
2008,NV,32003,Clark,65026,506,34,masonry,17.4,57.6,34.7
2008,NJ,34013,Essex,68633,6252,64,masonry,17.8,61.5,81.6
2008,NY,36029,Erie,66664,730,61,wood,12.3,63.6,70.4
2008,NY,36059,Nassau,117374,4957,64,masonry,9.4,66.5,80.3
2008,NY,36103,Suffolk,109152,1646,56,wood,5.1,57.2,66.5
2008,NC,37119,Mecklenburg,71890,1067,34,wood,16.5,65.1,34.0
2008,OH,39035,Cuyahoga,60606,2913,60,wood,16.4,55.0,66.2
2008,OH,39049,Franklin,71653,1571,42,wood,11.2,62.6,48.7
2008,OK,40109,Oklahoma,61824,854,42,wood,16.9,64.1,47.8
2008,OK,40143,Tulsa,64950,960,46,wood,14.1,63.9,57.0
2008,OR,41051,Multnomah,77579,1717,48,wood,13.8,64.8,63.9
2008,PA,42101,Philadelphia,54295,12200,66,masonry,14.1,54.1,77.3
2008,SC,45045,Greenville,63986,506,36,wood,7.5,59.8,47.3
2008,TN,47037,Davidson,65779,1318,41,wood,12.6,67.3,50.9
2008,TN,47157,Shelby,61098,1403,46,wood,14.6,58.3,48.2
2008,TX,48029,Bexar,68647,1083,34,masonry,18.0,66.5,46.5
2008,TX,48113,Dallas,68978,3037,40,wood,10.4,66.3,45.8
2008,TX,48141,El Paso,53304,824,38,masonry,5.1,57.4,44.3
2008,TX,48201,Harris,67026,2856,38,wood,7.9,72.8,49.8
2008,TX,48439,Tarrant,73883,2328,36,wood,8.7,56.8,38.7
2008,UT,49035,Salt Lake,79585,1448,38,masonry,10.0,53.7,40.2
2008,VA,51059,Fairfax,146805,2893,44,wood,12.7,67.8,58.8
2008,WA,53033,King,111686,976,42,wood,16.6,53.4,46.9
2008,WI,55079,Milwaukee,50752,6540,60,wood,10.0,64.8,69.1
2009,AL,01073,Jefferson,60384,697,45,wood,14.9,55.1,51.5
2009,AL,01097,Mobile,54440,472,49,wood,14.5,55.7,57.5
2009,AZ,04013,Maricopa,73973,529,29,masonry,15.4,53.8,37.7
2009,AR,05119,Pulaski,60430,411,43,wood,8.2,57.5,56.9
2009,CA,06037,Los Angeles,88453,2520,52,wood,14.6,67.4,60.3
2009,CA,06073,San Diego,95489,793,39,wood,9.8,61.3,40.0
2009,CO,08031,Denver,76867,4663,47,wood,12.1,59.5,58.3
2009,CO,08041,El Paso,71414,287,35,wood,10.2,62.5,42.1
2009,FL,12057,Hillsborough,62388,1398,39,masonry,17.5,62.8,51.2
2009,FL,12086,Miami-Dade,57683,1431,45,masonry,8.1,68.0,41.9
2009,FL,12095,Orange,66639,1376,35,masonry,14.0,66.2,46.7
2009,GA,13089,DeKalb,67494,2682,47,wood,15.4,71.0,49.2
2009,IL,17031,Cook,77645,5936,59,wood,9.9,63.4,66.7
2009,IL,17167,Sangamon,64908,305,51,wood,6.0,68.0,61.9
2009,IN,18097,Marion,66210,2423,53,wood,6.0,55.0,58.5
2009,IA,19153,Polk,70998,555,45,wood,7.5,64.8,63.2
2009,KS,20091,Johnson,90635,1045,37,wood,6.8,64.4,41.8
2009,KS,20173,Sedgwick,67226,542,47,wood,12.5,57.9,56.7
2009,LA,22033,East Baton Rouge,56531,562,45,wood,12.6,59.0,63.4
2009,LA,22071,Orleans,50297,2104,59,wood,16.3,71.6,65.2
2009,MI,26081,Kent,72110,682,49,wood,8.5,68.8,49.6
2009,MN,27003,Anoka,81070,743,45,wood,12.8,73.1,52.8
2009,MN,27053,Hennepin,86644,1961,53,wood,13.2,64.2,60.0
2009,MS,28049,Hinds,45663,302,53,wood,14.5,61.5,69.0
2009,MO,29095,Jackson,62966,1562,51,wood,13.3,60.9,58.0
2009,NE,31055,Douglas,74636,1500,45,wood,7.3,65.0,58.2
2009,NV,32003,Clark,71729,494,35,masonry,13.5,59.0,38.1
2009,NJ,34013,Essex,76086,6324,65,masonry,10.5,59.1,75.7
2009,NY,36029,Erie,64123,737,62,wood,15.1,66.8,67.4
2009,NY,36059,Nassau,124515,4990,65,masonry,13.1,64.1,73.8
2009,NY,36103,Suffolk,109331,1675,57,wood,13.0,66.7,58.9
2009,NC,37119,Mecklenburg,73636,1099,35,wood,11.8,73.4,40.3
2009,OH,39035,Cuyahoga,57705,2880,61,wood,11.8,71.9,72.9
2009,OH,39049,Franklin,66265,1547,43,wood,16.0,56.8,47.0
2009,OK,40109,Oklahoma,64028,882,43,wood,9.4,56.7,44.1
2009,OK,40143,Tulsa,63840,961,47,wood,6.8,57.9,52.8
2009,OR,41051,Multnomah,79196,1724,49,wood,12.8,53.4,49.2
2009,PA,42101,Philadelphia,54450,12337,67,masonry,7.0,53.8,74.2
2009,SC,45045,Greenville,67354,518,37,wood,7.1,66.8,41.6
2009,TN,47037,Davidson,70312,1304,42,wood,16.5,63.0,47.1
2009,TN,47157,Shelby,60447,1397,47,wood,13.6,66.0,62.4
2009,TX,48029,Bexar,64725,1111,35,masonry,17.4,66.3,32.2
2009,TX,48113,Dallas,70577,3026,41,wood,16.8,56.2,43.8
2009,TX,48141,El Paso,55147,838,39,masonry,13.2,63.9,55.3
2009,TX,48201,Harris,66649,2808,39,wood,15.6,65.3,49.3
2009,TX,48439,Tarrant,71328,2337,37,wood,9.9,69.6,38.6
2009,UT,49035,Salt Lake,80592,1441,39,masonry,17.1,71.6,41.6
2009,VA,51059,Fairfax,145636,2939,45,wood,14.6,69.8,58.8
2009,WA,53033,King,108562,1006,43,wood,9.3,62.0,43.5
2009,WI,55079,Milwaukee,56418,6362,61,wood,10.2,61.0,69.5
2010,AL,01073,Jefferson,62788,710,46,wood,7.9,57.4,57.2
2010,AL,01097,Mobile,55991,479,50,wood,15.6,61.9,67.8
2010,AZ,04013,Maricopa,69928,538,30,masonry,5.7,60.2,36.5
2010,AR,05119,Pulaski,59250,414,44,wood,10.7,56.4,54.7
2010,CA,06037,Los Angeles,85650,2547,53,wood,11.4,53.6,70.0
2010,CA,06073,San Diego,95647,786,40,wood,11.7,69.1,46.4
2010,CO,08031,Denver,78556,4674,48,wood,8.0,52.4,58.4
2010,CO,08041,El Paso,71941,294,36,wood,10.6,52.5,36.5
2010,FL,12057,Hillsborough,64787,1436,40,masonry,15.7,63.7,44.6
2010,FL,12086,Miami-Dade,61126,1474,46,masonry,12.7,58.0,55.5
2010,FL,12095,Orange,66634,1352,36,masonry,11.5,60.1,37.2
2010,GA,13089,DeKalb,68890,2726,48,wood,15.2,61.4,68.2
2010,IL,17031,Cook,78572,5946,60,wood,11.4,59.3,65.1
2010,IL,17167,Sangamon,67854,303,52,wood,9.6,63.7,52.2
2010,IN,18097,Marion,67952,2452,54,wood,14.2,64.8,62.5
2010,IA,19153,Polk,76724,566,46,wood,10.1,61.4,43.8
2010,KS,20091,Johnson,91922,1057,38,wood,7.6,52.4,44.4
2010,KS,20173,Sedgwick,67639,565,48,wood,9.7,55.0,59.3
2010,LA,22033,East Baton Rouge,59752,570,46,wood,10.0,70.6,42.9
2010,LA,22071,Orleans,48126,2081,60,wood,15.4,71.8,71.2
2010,MI,26081,Kent,69896,689,50,wood,6.2,62.2,55.5
2010,MN,27003,Anoka,88691,753,46,wood,17.8,73.5,57.9
2010,MN,27053,Hennepin,83841,2004,54,wood,6.8,60.2,62.2
2010,MS,28049,Hinds,46226,301,54,wood,13.2,56.0,62.1
2010,MO,29095,Jackson,65525,1605,52,wood,10.2,56.6,58.3
2010,NE,31055,Douglas,79231,1498,46,wood,16.4,62.1,50.3
2010,NV,32003,Clark,69286,514,36,masonry,8.7,65.1,40.2
2010,NJ,34013,Essex,75637,6513,66,masonry,16.6,71.2,79.3
2010,NY,36029,Erie,70172,734,63,wood,8.1,64.7,74.1
2010,NY,36059,Nassau,124373,5020,66,masonry,7.3,65.4,81.3
2010,NY,36103,Suffolk,115712,1694,58,wood,17.7,53.8,70.8
2010,NC,37119,Mecklenburg,72044,1087,36,wood,16.0,68.7,40.9
2010,OH,39035,Cuyahoga,62521,2964,62,wood,5.7,64.2,79.0
2010,OH,39049,Franklin,71433,1599,44,wood,17.5,64.0,49.9
2010,OK,40109,Oklahoma,65500,877,44,wood,11.1,63.3,45.4
2010,OK,40143,Tulsa,67385,968,48,wood,13.3,52.7,60.5
2010,OR,41051,Multnomah,75436,1788,50,wood,10.7,65.6,59.1
2010,PA,42101,Philadelphia,56931,12492,68,masonry,14.6,68.2,74.5
2010,SC,45045,Greenville,65495,523,38,wood,5.5,63.1,45.6
2010,TN,47037,Davidson,71584,1330,43,wood,6.3,67.5,51.6
2010,TN,47157,Shelby,64665,1436,48,wood,11.7,60.1,60.4
2010,TX,48029,Bexar,65801,1099,36,masonry,14.2,52.1,48.0
2010,TX,48113,Dallas,75670,3047,42,wood,7.6,68.7,44.1
2010,TX,48141,El Paso,56180,838,40,masonry,13.7,64.0,51.8
2010,TX,48201,Harris,65727,2902,40,wood,10.0,65.0,40.4
2010,TX,48439,Tarrant,75753,2379,38,wood,5.3,61.5,42.8
2010,UT,49035,Salt Lake,82654,1462,40,masonry,12.5,61.9,51.6
2010,VA,51059,Fairfax,148851,2910,46,wood,9.0,60.5,49.2
2010,WA,53033,King,110527,981,44,wood,11.4,53.9,45.1
2010,WI,55079,Milwaukee,57174,6547,62,wood,5.8,62.7,70.1
2011,AL,01073,Jefferson,61056,720,46,wood,8.8,57.9,54.6
2011,AL,01097,Mobile,54919,475,50,wood,7.6,63.7,52.2
2011,AZ,04013,Maricopa,77872,536,30,masonry,8.2,55.5,34.4
2011,AR,05119,Pulaski,60330,412,44,wood,6.2,61.0,48.6
2011,CA,06037,Los Angeles,91075,2504,53,wood,7.1,65.9,65.6
2011,CA,06073,San Diego,94865,788,40,wood,15.8,54.8,50.9
2011,CO,08031,Denver,81783,4828,48,wood,8.6,56.2,51.5
2011,CO,08041,El Paso,74929,290,36,wood,17.2,65.1,49.8
2011,FL,12057,Hillsborough,68408,1434,40,masonry,7.8,73.7,45.3
2011,FL,12086,Miami-Dade,63475,1446,46,masonry,13.8,69.6,50.5
2011,FL,12095,Orange,72994,1354,36,masonry,5.1,72.8,47.1
2011,GA,13089,DeKalb,74911,2744,48,wood,6.1,62.9,65.0
2011,IL,17031,Cook,79050,6097,60,wood,14.1,65.4,69.1
2011,IL,17167,Sangamon,68393,301,52,wood,8.4,63.6,61.6
2011,IN,18097,Marion,68830,2459,54,wood,13.2,62.3,66.5
2011,IA,19153,Polk,74102,556,46,wood,11.4,54.8,48.4
2011,KS,20091,Johnson,91375,1042,38,wood,16.9,65.8,40.8
2011,KS,20173,Sedgwick,67715,561,48,wood,11.9,62.6,51.7
2011,LA,22033,East Baton Rouge,59029,564,46,wood,15.7,54.8,49.7
2011,LA,22071,Orleans,52231,2170,60,wood,15.4,61.6,65.6
2011,MI,26081,Kent,71023,691,50,wood,15.3,61.1,59.3
2011,MN,27003,Anoka,92206,737,46,wood,13.6,67.1,47.2
2011,MN,27053,Hennepin,90374,1979,54,wood,15.7,68.2,62.5
2011,MS,28049,Hinds,50995,309,54,wood,13.3,66.6,60.3
2011,MO,29095,Jackson,65863,1587,52,wood,16.0,59.7,60.1
2011,NE,31055,Douglas,75815,1526,46,wood,17.5,68.9,51.2
2011,NV,32003,Clark,73278,506,36,masonry,6.4,66.6,42.8
2011,NJ,34013,Essex,74067,6529,66,masonry,15.9,69.3,80.9
2011,NY,36029,Erie,67909,730,63,wood,12.4,67.5,65.0
2011,NY,36059,Nassau,124085,4882,66,masonry,9.7,54.7,76.3
2011,NY,36103,Suffolk,119393,1681,58,wood,12.8,72.3,64.5
2011,NC,37119,Mecklenburg,78548,1096,36,wood,11.7,71.7,40.5
2011,OH,39035,Cuyahoga,58385,2928,62,wood,11.4,54.6,72.9
2011,OH,39049,Franklin,68811,1606,44,wood,6.2,73.2,44.1
2011,OK,40109,Oklahoma,62817,861,44,wood,7.0,73.3,50.9
2011,OK,40143,Tulsa,68544,969,48,wood,8.3,57.6,60.3
2011,OR,41051,Multnomah,80380,1767,50,wood,12.8,72.3,66.5
2011,PA,42101,Philadelphia,58401,12419,68,masonry,8.9,63.2,80.9
2011,SC,45045,Greenville,66399,517,38,wood,14.6,54.0,49.4
2011,TN,47037,Davidson,66320,1344,43,wood,10.5,54.3,45.0
2011,TN,47157,Shelby,63641,1427,48,wood,8.3,73.4,50.3
2011,TX,48029,Bexar,67621,1110,36,masonry,14.9,61.4,39.5
2011,TX,48113,Dallas,78172,3020,42,wood,9.0,70.4,39.9
2011,TX,48141,El Paso,54162,835,40,masonry,12.8,57.7,50.1
2011,TX,48201,Harris,68947,2812,40,wood,12.3,71.9,40.3
2011,TX,48439,Tarrant,78167,2335,38,wood,11.7,68.7,55.3
2011,UT,49035,Salt Lake,82519,1462,40,masonry,11.6,66.1,44.4
2011,VA,51059,Fairfax,149378,2931,46,wood,17.4,65.1,48.9
2011,WA,53033,King,107836,995,44,wood,16.6,59.6,48.4
2011,WI,55079,Milwaukee,54644,6633,62,wood,17.1,59.4,68.1
2012,AL,01073,Jefferson,65665,721,47,wood,13.4,63.2,59.1
2012,AL,01097,Mobile,60566,484,51,wood,13.5,53.3,62.5
2012,AZ,04013,Maricopa,73750,546,31,masonry,15.4,71.9,31.1
2012,AR,05119,Pulaski,62735,417,45,wood,12.8,62.2,55.4
2012,CA,06037,Los Angeles,90737,2508,54,wood,17.9,73.9,64.7
2012,CA,06073,San Diego,95889,821,41,wood,12.2,64.9,48.4
2012,CO,08031,Denver,84340,4719,49,wood,17.9,64.7,65.9
2012,CO,08041,El Paso,75283,298,37,wood,13.7,71.6,55.5
2012,FL,12057,Hillsborough,70114,1428,41,masonry,11.1,70.3,48.0
2012,FL,12086,Miami-Dade,61417,1480,47,masonry,14.5,73.4,53.5
2012,FL,12095,Orange,72257,1369,37,masonry,15.5,56.7,37.7
2012,GA,13089,DeKalb,75665,2730,49,wood,8.3,55.1,51.1
2012,IL,17031,Cook,75117,6136,61,wood,6.0,53.8,75.4
2012,IL,17167,Sangamon,67115,301,53,wood,5.6,68.0,61.8
2012,IN,18097,Marion,66591,2429,55,wood,16.9,72.4,62.1
2012,IA,19153,Polk,76053,550,47,wood,6.7,59.4,68.2
2012,KS,20091,Johnson,99454,1047,39,wood,14.5,69.6,46.6
2012,KS,20173,Sedgwick,65499,566,49,wood,6.7,59.7,61.5
2012,LA,22033,East Baton Rouge,64587,563,47,wood,12.6,63.0,64.3
2012,LA,22071,Orleans,53556,2127,61,wood,6.7,66.3,71.3
2012,MI,26081,Kent,74715,684,51,wood,13.8,69.2,65.7
2012,MN,27003,Anoka,90610,752,47,wood,15.6,62.5,52.3
2012,MN,27053,Hennepin,84117,2049,55,wood,15.8,59.8,66.3
2012,MS,28049,Hinds,49696,307,55,wood,17.4,52.0,65.1
2012,MO,29095,Jackson,68062,1617,53,wood,7.6,73.3,62.2
2012,NE,31055,Douglas,81029,1527,47,wood,6.2,59.5,50.3
2012,NV,32003,Clark,73340,513,37,masonry,14.5,56.7,44.4
2012,NJ,34013,Essex,74584,6461,67,masonry,14.4,64.8,76.8
2012,NY,36029,Erie,68115,742,64,wood,13.9,60.9,75.4
2012,NY,36059,Nassau,128951,5068,67,masonry,6.3,54.9,79.4
2012,NY,36103,Suffolk,118374,1709,59,wood,8.6,68.0,68.8
2012,NC,37119,Mecklenburg,75345,1106,37,wood,15.0,66.1,31.7
2012,OH,39035,Cuyahoga,60549,2940,63,wood,14.3,59.0,75.9
2012,OH,39049,Franklin,76111,1584,45,wood,6.1,55.3,57.4
2012,OK,40109,Oklahoma,65417,889,45,wood,7.0,54.6,44.5
2012,OK,40143,Tulsa,68105,982,49,wood,9.5,63.5,63.0
2012,OR,41051,Multnomah,77345,1754,51,wood,14.6,71.2,60.4
2012,PA,42101,Philadelphia,55370,12483,69,masonry,15.1,72.1,73.5
2012,SC,45045,Greenville,66699,524,39,wood,6.1,69.4,36.4
2012,TN,47037,Davidson,68673,1322,44,wood,16.8,65.2,41.8
2012,TN,47157,Shelby,62966,1450,49,wood,5.6,55.6,57.0
2012,TX,48029,Bexar,73959,1113,37,masonry,14.4,59.4,39.3
2012,TX,48113,Dallas,75320,3024,43,wood,13.5,70.5,49.9
2012,TX,48141,El Paso,54278,839,41,masonry,8.4,67.7,39.8
2012,TX,48201,Harris,72968,2842,41,wood,15.8,68.4,46.4
2012,TX,48439,Tarrant,78154,2344,39,wood,9.6,66.4,49.4
2012,UT,49035,Salt Lake,83822,1470,41,masonry,14.1,72.4,55.1
2012,VA,51059,Fairfax,145018,2952,47,wood,15.7,56.8,53.0
2012,WA,53033,King,116451,995,45,wood,6.2,53.6,61.3
2012,WI,55079,Milwaukee,58529,6567,63,wood,5.9,70.7,70.7
2013,AL,01073,Jefferson,68168,735,48,wood,10.0,69.9,56.1
2013,AL,01097,Mobile,62123,483,52,wood,12.7,52.4,59.7
2013,AZ,04013,Maricopa,79570,546,32,masonry,11.0,61.6,35.2
2013,AR,05119,Pulaski,61327,421,46,wood,9.9,61.4,56.4
2013,CA,06037,Los Angeles,94077,2509,55,wood,10.7,73.4,66.4
2013,CA,06073,San Diego,102552,825,42,wood,17.9,55.4,51.1
2013,CO,08031,Denver,81641,4780,50,wood,8.1,68.3,59.9
2013,CO,08041,El Paso,77744,295,38,wood,9.8,73.0,40.2
2013,FL,12057,Hillsborough,67530,1417,42,masonry,14.0,58.5,48.5
2013,FL,12086,Miami-Dade,67259,1456,48,masonry,6.6,61.3,62.6
2013,FL,12095,Orange,71861,1368,38,masonry,15.9,55.6,45.5
2013,GA,13089,DeKalb,71749,2737,50,wood,11.2,62.9,59.3
2013,IL,17031,Cook,81370,6104,62,wood,16.3,57.2,80.5
2013,IL,17167,Sangamon,69265,312,54,wood,10.1,53.9,60.1
2013,IN,18097,Marion,69092,2434,56,wood,17.1,59.0,61.8
2013,IA,19153,Polk,78108,565,48,wood,10.0,63.1,49.9
2013,KS,20091,Johnson,99209,1060,40,wood,17.3,68.0,52.5
2013,KS,20173,Sedgwick,71970,553,50,wood,9.8,72.7,52.9
2013,LA,22033,East Baton Rouge,64419,568,48,wood,11.9,57.9,59.0
2013,LA,22071,Orleans,54348,2192,62,wood,13.6,53.6,60.9
2013,MI,26081,Kent,75871,678,52,wood,14.0,65.3,63.1
2013,MN,27003,Anoka,94783,753,48,wood,10.4,56.8,53.2
2013,MN,27053,Hennepin,86710,2027,56,wood,7.0,69.1,66.7
2013,MS,28049,Hinds,49753,314,56,wood,6.1,65.0,67.9
2013,MO,29095,Jackson,69171,1587,54,wood,17.0,66.5,60.9
2013,NE,31055,Douglas,80289,1509,48,wood,5.7,55.3,57.4
2013,NV,32003,Clark,76002,518,38,masonry,17.0,65.6,48.9
2013,NJ,34013,Essex,74531,6431,68,masonry,8.6,66.0,80.5
2013,NY,36029,Erie,75305,739,65,wood,16.3,61.4,73.5
2013,NY,36059,Nassau,131266,5005,68,masonry,12.5,58.1,81.3
2013,NY,36103,Suffolk,121772,1707,60,wood,12.3,53.0,63.3
2013,NC,37119,Mecklenburg,77519,1107,38,wood,15.4,68.3,46.4
2013,OH,39035,Cuyahoga,64639,2930,64,wood,6.4,70.2,76.4
2013,OH,39049,Franklin,72840,1623,46,wood,5.4,61.3,56.8
2013,OK,40109,Oklahoma,67351,875,46,wood,13.6,71.1,49.3
2013,OK,40143,Tulsa,66548,976,50,wood,5.5,70.8,62.9
2013,OR,41051,Multnomah,80346,1801,52,wood,15.3,54.9,56.2
2013,PA,42101,Philadelphia,57094,12517,70,masonry,11.4,69.6,82.7
2013,SC,45045,Greenville,73511,523,40,wood,13.0,61.8,39.7
2013,TN,47037,Davidson,72332,1340,45,wood,14.3,70.0,56.1
2013,TN,47157,Shelby,67173,1447,50,wood,12.0,71.1,51.1
2013,TX,48029,Bexar,73895,1139,38,masonry,14.7,63.3,45.4
2013,TX,48113,Dallas,75967,3064,44,wood,13.8,62.4,46.9
2013,TX,48141,El Paso,57129,857,42,masonry,5.7,71.0,50.4
2013,TX,48201,Harris,74755,2837,42,wood,13.8,73.8,54.4
2013,TX,48439,Tarrant,77198,2377,40,wood,14.0,61.4,43.4
2013,UT,49035,Salt Lake,83858,1491,42,masonry,16.1,57.9,41.9
2013,VA,51059,Fairfax,153914,2979,48,wood,17.1,57.5,55.2
2013,WA,53033,King,117439,1005,46,wood,12.3,59.5,55.2
2013,WI,55079,Milwaukee,57082,6559,64,wood,15.9,55.0,75.5
2014,AL,01073,Jefferson,67027,721,49,wood,17.7,73.8,58.9
2014,AL,01097,Mobile,57230,487,53,wood,13.4,57.7,60.2
2014,AZ,04013,Maricopa,74759,536,33,masonry,5.2,55.2,30.7
2014,AR,05119,Pulaski,67053,421,47,wood,11.5,55.1,61.6
2014,CA,06037,Los Angeles,92827,2553,56,wood,9.4,58.3,54.9
2014,CA,06073,San Diego,100607,812,43,wood,10.6,57.8,49.5
2014,CO,08031,Denver,90771,4767,51,wood,14.6,60.0,65.5
2014,CO,08041,El Paso,79318,296,39,wood,12.2,60.7,39.2
2014,FL,12057,Hillsborough,69780,1449,43,masonry,8.6,60.4,36.2
2014,FL,12086,Miami-Dade,68056,1468,49,masonry,11.0,56.8,59.9
2014,FL,12095,Orange,74233,1418,39,masonry,6.9,64.0,48.6
2014,GA,13089,DeKalb,72911,2771,51,wood,12.2,61.5,62.9
2014,IL,17031,Cook,83532,6094,63,wood,10.3,63.0,66.3
2014,IL,17167,Sangamon,69199,309,55,wood,16.6,73.1,71.8
2014,IN,18097,Marion,71980,2439,57,wood,11.2,57.4,77.4
2014,IA,19153,Polk,78327,570,49,wood,17.4,63.7,49.3
2014,KS,20091,Johnson,104807,1086,41,wood,15.0,65.0,58.7
2014,KS,20173,Sedgwick,71644,570,51,wood,16.4,62.8,54.6
2014,LA,22033,East Baton Rouge,63893,578,49,wood,6.7,64.1,52.1
2014,LA,22071,Orleans,53257,2145,63,wood,16.1,55.3,85.7
2014,MI,26081,Kent,79556,697,53,wood,17.1,56.9,72.2
2014,MN,27003,Anoka,90864,773,49,wood,15.4,56.1,60.5
2014,MN,27053,Hennepin,87896,2024,57,wood,12.8,65.4,64.4
2014,MS,28049,Hinds,49755,314,57,wood,11.7,71.2,64.9
2014,MO,29095,Jackson,69884,1616,55,wood,12.8,73.1,60.4
2014,NE,31055,Douglas,82960,1496,49,wood,7.2,55.6,55.4
2014,NV,32003,Clark,73895,508,39,masonry,13.2,73.7,49.2
2014,NJ,34013,Essex,80194,6582,69,masonry,18.0,71.0,77.8
2014,NY,36029,Erie,74374,752,66,wood,12.8,67.8,75.3
2014,NY,36059,Nassau,131254,5043,69,masonry,17.5,63.1,84.5
2014,NY,36103,Suffolk,123698,1720,61,wood,9.7,66.2,67.4
2014,NC,37119,Mecklenburg,84405,1108,39,wood,7.8,64.6,45.4
2014,OH,39035,Cuyahoga,61501,2982,65,wood,11.8,56.1,73.5
2014,OH,39049,Franklin,78355,1626,47,wood,5.8,52.3,50.3
2014,OK,40109,Oklahoma,68100,875,47,wood,13.9,73.1,51.6
2014,OK,40143,Tulsa,69674,976,51,wood,10.0,62.8,65.2
2014,OR,41051,Multnomah,79278,1823,53,wood,16.4,60.9,62.6
2014,PA,42101,Philadelphia,57582,12335,71,masonry,13.8,57.6,84.4
2014,SC,45045,Greenville,70966,518,41,wood,16.5,65.9,49.1
2014,TN,47037,Davidson,74344,1348,46,wood,9.4,60.7,54.7
2014,TN,47157,Shelby,65276,1439,51,wood,14.0,73.7,57.7
2014,TX,48029,Bexar,72628,1121,39,masonry,16.9,64.6,39.5
2014,TX,48113,Dallas,76283,3095,45,wood,15.0,67.5,49.0
2014,TX,48141,El Paso,60008,872,43,masonry,7.6,65.8,56.4
2014,TX,48201,Harris,70708,2880,43,wood,11.0,68.3,42.2
2014,TX,48439,Tarrant,79205,2368,41,wood,5.6,57.9,38.8
2014,UT,49035,Salt Lake,89196,1490,43,masonry,6.8,71.2,61.3
2014,VA,51059,Fairfax,151235,2998,49,wood,16.3,69.4,57.2
2014,WA,53033,King,120443,996,47,wood,11.4,72.5,55.2
2014,WI,55079,Milwaukee,57169,6685,65,wood,15.1,66.9,84.0
2015,AL,01073,Jefferson,70395,744,50,wood,6.4,56.5,65.5
2015,AL,01097,Mobile,62828,479,54,wood,17.7,71.1,61.9
2015,AZ,04013,Maricopa,82746,537,34,masonry,16.1,65.3,35.8
2015,AR,05119,Pulaski,66034,413,48,wood,8.1,68.8,52.6
2015,CA,06037,Los Angeles,89399,2545,57,wood,14.2,66.4,63.7
2015,CA,06073,San Diego,100098,828,44,wood,7.2,66.9,45.2
2015,CO,08031,Denver,89204,4926,52,wood,9.0,60.4,56.1
2015,CO,08041,El Paso,77845,302,40,wood,11.8,73.5,48.2
2015,FL,12057,Hillsborough,71909,1433,44,masonry,6.3,69.6,55.1
2015,FL,12086,Miami-Dade,69605,1496,50,masonry,17.6,58.3,56.1
2015,FL,12095,Orange,72976,1421,40,masonry,10.4,71.8,47.8
2015,GA,13089,DeKalb,77231,2763,52,wood,13.2,69.1,50.1
2015,IL,17031,Cook,82184,6191,64,wood,16.7,64.3,78.3
2015,IL,17167,Sangamon,75622,314,56,wood,6.8,54.6,60.6
2015,IN,18097,Marion,69878,2501,58,wood,16.5,54.5,65.9
2015,IA,19153,Polk,84152,565,50,wood,5.3,72.0,56.2
2015,KS,20091,Johnson,100625,1093,42,wood,14.8,63.9,49.0
2015,KS,20173,Sedgwick,71841,558,52,wood,13.3,65.0,57.3
2015,LA,22033,East Baton Rouge,65592,573,50,wood,13.3,64.0,59.8
2015,LA,22071,Orleans,55213,2136,64,wood,11.9,55.8,73.1
2015,MI,26081,Kent,79542,706,54,wood,6.2,63.1,57.0
2015,MN,27003,Anoka,95581,770,50,wood,14.4,66.6,56.6
2015,MN,27053,Hennepin,88016,2053,58,wood,16.9,60.9,70.6
2015,MS,28049,Hinds,51148,309,58,wood,11.5,54.1,74.8
2015,MO,29095,Jackson,67620,1614,56,wood,13.3,53.9,62.0
2015,NE,31055,Douglas,84170,1496,50,wood,10.3,61.1,66.1
2015,NV,32003,Clark,72611,516,40,masonry,16.2,52.1,45.1
2015,NJ,34013,Essex,84079,6674,70,masonry,7.7,62.5,74.7
2015,NY,36029,Erie,72351,766,67,wood,17.3,69.8,78.5
2015,NY,36059,Nassau,137912,5119,70,masonry,12.7,55.7,83.9
2015,NY,36103,Suffolk,127295,1739,62,wood,12.2,66.7,75.5
2015,NC,37119,Mecklenburg,85707,1136,40,wood,13.5,55.5,54.2
2015,OH,39035,Cuyahoga,63990,3017,66,wood,7.2,62.8,77.5
2015,OH,39049,Franklin,78824,1602,48,wood,15.1,54.6,62.7
2015,OK,40109,Oklahoma,67116,891,48,wood,8.0,73.8,56.3
2015,OK,40143,Tulsa,70657,1000,52,wood,7.2,69.8,59.7
2015,OR,41051,Multnomah,86845,1818,54,wood,10.7,63.2,58.9
2015,PA,42101,Philadelphia,61341,12471,72,masonry,10.2,68.0,84.2
2015,SC,45045,Greenville,71561,516,42,wood,10.1,71.3,60.5
2015,TN,47037,Davidson,77284,1339,47,wood,13.1,66.0,52.9
2015,TN,47157,Shelby,67484,1428,52,wood,15.0,70.2,69.6
2015,TX,48029,Bexar,77438,1107,40,masonry,11.1,54.4,49.0
2015,TX,48113,Dallas,83193,3140,46,wood,13.5,66.9,41.3
2015,TX,48141,El Paso,62036,853,44,masonry,10.5,61.1,47.6
2015,TX,48201,Harris,71967,2940,44,wood,14.9,68.2,47.3
2015,TX,48439,Tarrant,80827,2397,42,wood,15.4,60.6,48.3
2015,UT,49035,Salt Lake,87340,1465,44,masonry,5.0,62.8,52.8
2015,VA,51059,Fairfax,162060,2974,50,wood,11.1,72.4,62.4
2015,WA,53033,King,114103,1031,48,wood,16.4,54.5,47.5
2015,WI,55079,Milwaukee,59683,6762,66,wood,11.5,54.5,78.9
2016,AL,01073,Jefferson,66947,731,50,wood,11.9,70.2,59.5
2016,AL,01097,Mobile,63547,486,54,wood,17.4,54.5,63.7
2016,AZ,04013,Maricopa,77618,548,34,masonry,13.6,62.1,36.7
2016,AR,05119,Pulaski,67898,426,48,wood,7.2,57.5,56.0
2016,CA,06037,Los Angeles,94384,2564,57,wood,18.0,52.9,63.4
2016,CA,06073,San Diego,107699,823,44,wood,15.6,64.1,59.7
2016,CO,08031,Denver,92042,4895,52,wood,6.2,60.9,57.3
2016,CO,08041,El Paso,85678,305,40,wood,9.9,71.2,47.0
2016,FL,12057,Hillsborough,71078,1444,44,masonry,7.3,73.2,48.9
2016,FL,12086,Miami-Dade,64908,1510,50,masonry,5.9,67.2,59.5
2016,FL,12095,Orange,73768,1425,40,masonry,15.2,73.8,49.5
2016,GA,13089,DeKalb,81543,2807,52,wood,7.3,64.2,69.1
2016,IL,17031,Cook,81915,6203,64,wood,16.2,59.3,72.2
2016,IL,17167,Sangamon,73831,315,56,wood,12.5,54.9,68.5
2016,IN,18097,Marion,71282,2464,58,wood,9.0,61.7,67.9
2016,IA,19153,Polk,85317,569,50,wood,8.9,71.7,61.7
2016,KS,20091,Johnson,101696,1081,42,wood,5.4,67.4,39.8
2016,KS,20173,Sedgwick,70351,568,52,wood,8.1,64.4,65.0
2016,LA,22033,East Baton Rouge,67220,586,50,wood,16.2,67.8,50.6
2016,LA,22071,Orleans,54953,2190,64,wood,6.3,70.6,68.0
2016,MI,26081,Kent,82277,693,54,wood,17.2,59.3,52.9
2016,MN,27003,Anoka,93369,774,50,wood,11.4,69.4,61.9
2016,MN,27053,Hennepin,89498,2053,58,wood,14.8,62.2,64.6
2016,MS,28049,Hinds,53536,308,58,wood,7.5,56.2,62.0
2016,MO,29095,Jackson,73668,1594,56,wood,14.4,55.9,62.3
2016,NE,31055,Douglas,80346,1554,50,wood,13.0,55.0,52.7
2016,NV,32003,Clark,76828,510,40,masonry,9.3,62.1,48.3
2016,NJ,34013,Essex,85641,6639,70,masonry,7.7,63.3,85.8
2016,NY,36029,Erie,73974,751,67,wood,14.6,52.4,75.0
2016,NY,36059,Nassau,137967,5050,70,masonry,7.6,56.3,81.9
2016,NY,36103,Suffolk,118621,1745,62,wood,11.3,59.0,77.4
2016,NC,37119,Mecklenburg,85220,1133,40,wood,9.4,69.3,50.3
2016,OH,39035,Cuyahoga,64645,2994,66,wood,13.0,62.6,75.4
2016,OH,39049,Franklin,74509,1630,48,wood,15.2,62.6,61.1
2016,OK,40109,Oklahoma,70485,910,48,wood,15.9,52.8,58.1
2016,OK,40143,Tulsa,74740,1000,52,wood,11.8,60.0,54.6
2016,OR,41051,Multnomah,84631,1809,54,wood,14.7,73.5,64.6
2016,PA,42101,Philadelphia,64907,12659,72,masonry,14.5,73.8,81.8
2016,SC,45045,Greenville,72013,537,42,wood,5.5,71.3,45.2
2016,TN,47037,Davidson,73117,1370,47,wood,17.1,71.4,53.3
2016,TN,47157,Shelby,67837,1477,52,wood,5.4,58.4,54.1
2016,TX,48029,Bexar,76691,1117,40,masonry,8.7,59.7,54.2
2016,TX,48113,Dallas,81693,3058,46,wood,17.2,64.5,38.4
2016,TX,48141,El Paso,63452,857,44,masonry,11.5,57.2,55.1
2016,TX,48201,Harris,78131,2927,44,wood,10.3,54.3,48.9
2016,TX,48439,Tarrant,83228,2417,42,wood,12.1,56.1,47.3
2016,UT,49035,Salt Lake,95195,1501,44,masonry,9.2,63.4,48.5
2016,VA,51059,Fairfax,159448,3013,50,wood,16.3,67.7,61.0
2016,WA,53033,King,118006,1045,48,wood,7.0,73.1,52.6
2016,WI,55079,Milwaukee,62579,6751,66,wood,7.9,67.2,75.8
2017,AL,01073,Jefferson,69524,749,51,wood,6.6,65.8,64.4
2017,AL,01097,Mobile,64483,482,55,wood,6.6,69.9,62.8
2017,AZ,04013,Maricopa,78302,544,35,masonry,11.3,70.1,42.3
2017,AR,05119,Pulaski,68666,426,49,wood,17.8,62.2,55.5
2017,CA,06037,Los Angeles,97253,2614,58,wood,16.3,58.8,72.2
2017,CA,06073,San Diego,103255,813,45,wood,5.9,71.6,61.4
2017,CO,08031,Denver,87243,4834,53,wood,8.2,68.4,68.1
2017,CO,08041,El Paso,83570,304,41,wood,14.4,69.1,38.6
2017,FL,12057,Hillsborough,76634,1480,45,masonry,5.8,66.4,55.5
2017,FL,12086,Miami-Dade,66520,1485,51,masonry,15.3,72.6,67.6
2017,FL,12095,Orange,76021,1416,41,masonry,7.4,60.9,44.1
2017,GA,13089,DeKalb,78986,2835,53,wood,15.8,61.3,63.0
2017,IL,17031,Cook,83807,6091,65,wood,10.7,61.9,82.3
2017,IL,17167,Sangamon,71559,309,57,wood,10.9,57.9,68.8
2017,IN,18097,Marion,70502,2460,59,wood,6.2,62.4,76.4
2017,IA,19153,Polk,81492,567,51,wood,17.8,57.4,56.3
2017,KS,20091,Johnson,99586,1078,43,wood,14.0,53.3,52.4
2017,KS,20173,Sedgwick,74070,575,53,wood,17.6,55.5,63.0
2017,LA,22033,East Baton Rouge,64054,578,51,wood,16.6,64.2,60.6
2017,LA,22071,Orleans,54395,2208,65,wood,16.0,58.3,72.1
2017,MI,26081,Kent,83962,701,55,wood,15.7,59.2,60.4
2017,MN,27003,Anoka,94031,767,51,wood,13.6,59.4,62.8
2017,MN,27053,Hennepin,97799,2084,59,wood,15.9,67.0,65.9
2017,MS,28049,Hinds,55298,315,59,wood,16.5,71.5,63.9
2017,MO,29095,Jackson,72518,1610,57,wood,12.0,53.4,74.4
2017,NE,31055,Douglas,83377,1546,51,wood,18.0,52.8,53.4
2017,NV,32003,Clark,79297,528,41,masonry,17.7,73.4,38.3
2017,NJ,34013,Essex,83780,6568,71,masonry,16.9,59.2,90.6
2017,NY,36029,Erie,76206,746,68,wood,14.6,71.6,73.2
2017,NY,36059,Nassau,139520,5106,71,masonry,7.3,71.1,86.1
2017,NY,36103,Suffolk,122355,1706,63,wood,11.8,57.8,78.2
2017,NC,37119,Mecklenburg,87718,1115,41,wood,9.2,52.4,47.7
2017,OH,39035,Cuyahoga,69278,3095,67,wood,15.4,69.3,80.6
2017,OH,39049,Franklin,79409,1610,49,wood,13.9,71.4,59.2
2017,OK,40109,Oklahoma,71669,917,49,wood,13.0,57.3,63.1
2017,OK,40143,Tulsa,72109,1014,53,wood,11.3,59.0,66.9
2017,OR,41051,Multnomah,82899,1803,55,wood,9.9,66.0,62.3
2017,PA,42101,Philadelphia,62233,12781,73,masonry,16.2,63.9,79.8
2017,SC,45045,Greenville,72496,528,43,wood,11.2,65.3,54.8
2017,TN,47037,Davidson,75913,1349,48,wood,9.5,68.8,53.7
2017,TN,47157,Shelby,72587,1464,53,wood,7.1,58.1,63.2
2017,TX,48029,Bexar,77190,1120,41,masonry,6.8,58.6,59.7
2017,TX,48113,Dallas,80813,3165,47,wood,15.0,55.8,50.4
2017,TX,48141,El Paso,63322,851,45,masonry,5.7,55.6,49.8
2017,TX,48201,Harris,79507,2955,45,wood,13.6,59.6,46.3
2017,TX,48439,Tarrant,83397,2441,43,wood,5.5,68.0,51.2
2017,UT,49035,Salt Lake,94022,1487,45,masonry,9.1,67.6,50.9
2017,VA,51059,Fairfax,165547,2995,51,wood,11.0,67.4,57.7
2017,WA,53033,King,121246,1034,49,wood,10.5,73.6,59.3
2017,WI,55079,Milwaukee,59738,6757,67,wood,16.6,62.2,87.0
2018,AL,01073,Jefferson,70654,741,52,wood,7.7,64.6,64.0
2018,AL,01097,Mobile,64996,495,56,wood,16.1,55.3,63.0
2018,AZ,04013,Maricopa,79725,562,36,masonry,15.6,57.1,41.8
2018,AR,05119,Pulaski,70897,425,50,wood,13.4,60.0,61.6
2018,CA,06037,Los Angeles,96353,2578,59,wood,17.0,57.4,72.9
2018,CA,06073,San Diego,103628,820,46,wood,14.2,63.8,64.1
2018,CO,08031,Denver,92019,4960,54,wood,7.3,62.1,65.0
2018,CO,08041,El Paso,87346,304,42,wood,16.1,68.2,52.4
2018,FL,12057,Hillsborough,72992,1475,46,masonry,6.4,56.0,57.8
2018,FL,12086,Miami-Dade,69783,1520,52,masonry,15.7,59.2,55.2
2018,FL,12095,Orange,79105,1396,42,masonry,13.3,71.9,46.1
2018,GA,13089,DeKalb,84212,2883,54,wood,11.6,61.9,63.5
2018,IL,17031,Cook,84205,6175,66,wood,7.6,64.4,73.2
2018,IL,17167,Sangamon,76552,315,58,wood,16.9,69.2,62.8
2018,IN,18097,Marion,75562,2547,60,wood,17.0,68.3,74.8
2018,IA,19153,Polk,80723,575,52,wood,16.7,67.5,63.5
2018,KS,20091,Johnson,109073,1108,44,wood,6.5,63.3,48.6
2018,KS,20173,Sedgwick,76654,577,54,wood,7.2,61.7,62.5
2018,LA,22033,East Baton Rouge,68848,594,52,wood,6.2,67.9,70.2
2018,LA,22071,Orleans,57022,2164,66,wood,15.4,55.9,81.7
2018,MI,26081,Kent,84134,712,56,wood,16.8,52.3,62.9
2018,MN,27003,Anoka,100934,761,52,wood,15.1,65.8,58.4
2018,MN,27053,Hennepin,91830,2059,60,wood,7.4,53.8,72.8
2018,MS,28049,Hinds,52224,313,60,wood,7.7,62.7,74.1
2018,MO,29095,Jackson,71897,1657,58,wood,15.8,60.4,58.7
2018,NE,31055,Douglas,90804,1535,52,wood,5.8,65.3,56.6
2018,NV,32003,Clark,77184,532,42,masonry,5.8,52.8,51.9
2018,NJ,34013,Essex,81761,6776,72,masonry,17.8,58.7,83.5
2018,NY,36029,Erie,73845,768,69,wood,12.7,52.8,77.6
2018,NY,36059,Nassau,145344,5039,72,masonry,11.2,69.9,82.3
2018,NY,36103,Suffolk,122592,1724,64,wood,7.6,59.1,79.3
2018,NC,37119,Mecklenburg,87863,1124,42,wood,10.6,59.5,55.5
2018,OH,39035,Cuyahoga,66017,3093,68,wood,11.8,54.0,78.2
2018,OH,39049,Franklin,77851,1662,50,wood,6.8,68.9,52.1
2018,OK,40109,Oklahoma,71643,919,50,wood,7.4,66.9,62.8
2018,OK,40143,Tulsa,75787,1000,54,wood,6.7,71.6,68.0
2018,OR,41051,Multnomah,90168,1844,56,wood,15.7,67.9,81.7
2018,PA,42101,Philadelphia,66945,12751,74,masonry,10.9,54.2,93.0
2018,SC,45045,Greenville,79463,537,44,wood,17.5,54.9,50.1
2018,TN,47037,Davidson,81275,1365,49,wood,10.1,60.0,58.0
2018,TN,47157,Shelby,71632,1445,54,wood,14.2,65.7,60.1
2018,TX,48029,Bexar,75704,1138,42,masonry,12.4,72.7,43.9
2018,TX,48113,Dallas,83617,3118,48,wood,14.4,72.0,62.4
2018,TX,48141,El Paso,60050,885,46,masonry,9.1,56.9,50.5
2018,TX,48201,Harris,79497,2932,46,wood,8.9,57.7,55.6
2018,TX,48439,Tarrant,87135,2478,44,wood,6.9,59.9,58.4
2018,UT,49035,Salt Lake,95521,1507,46,masonry,16.9,67.1,50.0
2018,VA,51059,Fairfax,169644,3015,52,wood,6.5,57.9,54.8
2018,WA,53033,King,130610,1038,50,wood,6.8,67.1,64.4
2018,WI,55079,Milwaukee,64230,6792,68,wood,11.4,53.4,81.3
2019,AL,01073,Jefferson,74204,737,53,wood,10.6,59.1,55.3
2019,AL,01097,Mobile,64050,495,57,wood,16.9,68.4,64.0
2019,AZ,04013,Maricopa,83045,552,37,masonry,12.3,53.2,40.3
2019,AR,05119,Pulaski,66910,425,51,wood,14.6,59.1,57.6
2019,CA,06037,Los Angeles,95556,2582,60,wood,17.9,58.0,72.0
2019,CA,06073,San Diego,107495,829,47,wood,8.2,72.2,61.2
2019,CO,08031,Denver,89276,4936,55,wood,17.0,58.7,65.5
2019,CO,08041,El Paso,82942,312,43,wood,6.6,60.9,49.3
2019,FL,12057,Hillsborough,79074,1452,47,masonry,17.3,59.9,45.1
2019,FL,12086,Miami-Dade,72586,1536,53,masonry,16.2,67.8,57.2
2019,FL,12095,Orange,81877,1433,43,masonry,5.7,72.7,54.4
2019,GA,13089,DeKalb,84496,2874,55,wood,13.2,70.2,62.2
2019,IL,17031,Cook,83169,6238,67,wood,17.0,70.4,65.4
2019,IL,17167,Sangamon,75172,322,59,wood,10.3,64.5,80.3
2019,IN,18097,Marion,74154,2509,61,wood,8.7,57.1,68.0
2019,IA,19153,Polk,87297,576,53,wood,11.4,60.2,62.9
2019,KS,20091,Johnson,107138,1082,45,wood,11.1,55.7,52.6
2019,KS,20173,Sedgwick,74258,575,55,wood,13.1,65.6,62.6
2019,LA,22033,East Baton Rouge,70900,582,53,wood,5.2,69.2,53.9
2019,LA,22071,Orleans,59613,2184,67,wood,7.8,73.7,75.2
2019,MI,26081,Kent,86575,722,57,wood,15.0,61.5,63.2
2019,MN,27003,Anoka,101574,783,53,wood,15.8,66.7,64.0
2019,MN,27053,Hennepin,98263,2060,61,wood,12.8,69.0,60.2
2019,MS,28049,Hinds,54522,312,61,wood,12.4,57.4,60.2
2019,MO,29095,Jackson,74866,1661,59,wood,11.8,70.1,77.1
2019,NE,31055,Douglas,92330,1566,53,wood,11.3,68.6,67.7
2019,NV,32003,Clark,82794,527,43,masonry,9.9,73.8,49.3
2019,NJ,34013,Essex,85476,6657,73,masonry,13.6,66.2,89.6
2019,NY,36029,Erie,82256,778,70,wood,10.3,73.2,86.7
2019,NY,36059,Nassau,136024,5167,73,masonry,10.0,63.8,81.3
2019,NY,36103,Suffolk,123358,1751,65,wood,12.1,53.3,77.5
2019,NC,37119,Mecklenburg,87754,1117,43,wood,14.2,52.5,52.7
2019,OH,39035,Cuyahoga,70309,3067,69,wood,7.9,56.3,86.4
2019,OH,39049,Franklin,82609,1662,51,wood,15.7,66.3,55.2
2019,OK,40109,Oklahoma,70116,906,51,wood,14.9,62.6,53.0
2019,OK,40143,Tulsa,77101,1025,55,wood,14.9,54.9,58.5
2019,OR,41051,Multnomah,85974,1821,57,wood,6.8,58.2,70.1
2019,PA,42101,Philadelphia,64827,12730,75,masonry,7.2,59.6,86.0
2019,SC,45045,Greenville,75165,537,45,wood,7.5,70.4,48.5
2019,TN,47037,Davidson,81485,1349,50,wood,7.2,53.6,56.6
2019,TN,47157,Shelby,70678,1503,55,wood,10.7,59.3,64.4
2019,TX,48029,Bexar,80474,1127,43,masonry,11.3,64.4,53.1
2019,TX,48113,Dallas,82640,3138,49,wood,6.7,71.0,54.4
2019,TX,48141,El Paso,63091,874,47,masonry,9.8,72.5,60.2
2019,TX,48201,Harris,80790,2953,47,wood,11.0,53.3,61.6
2019,TX,48439,Tarrant,84827,2505,45,wood,10.0,54.3,55.7
2019,UT,49035,Salt Lake,100395,1531,47,masonry,6.8,53.9,57.1
2019,VA,51059,Fairfax,171385,3115,53,wood,13.8,54.3,65.5
2019,WA,53033,King,125805,1035,51,wood,7.4,52.6,56.6
2019,WI,55079,Milwaukee,65495,6887,69,wood,15.0,65.6,79.2
2020,AL,01073,Jefferson,71029,755,54,wood,9.6,61.3,52.3
2020,AL,01097,Mobile,66928,502,58,wood,16.1,57.7,58.4
2020,AZ,04013,Maricopa,88544,552,38,masonry,17.6,68.8,46.2
2020,AR,05119,Pulaski,71056,421,52,wood,11.9,62.3,59.8
2020,CA,06037,Los Angeles,103896,2616,61,wood,8.6,61.5,71.2
2020,CA,06073,San Diego,113992,852,48,wood,14.0,56.9,49.3
2020,CO,08031,Denver,91540,4919,56,wood,8.7,53.2,70.0
2020,CO,08041,El Paso,87129,304,44,wood,7.3,67.3,49.3
2020,FL,12057,Hillsborough,77271,1510,48,masonry,6.5,66.7,58.5
2020,FL,12086,Miami-Dade,68714,1514,54,masonry,8.2,57.5,64.0
2020,FL,12095,Orange,81995,1403,44,masonry,7.3,73.4,58.2
2020,GA,13089,DeKalb,82684,2866,56,wood,10.6,54.6,65.3
2020,IL,17031,Cook,87850,6169,68,wood,8.2,62.8,86.3
2020,IL,17167,Sangamon,78881,322,60,wood,14.0,57.5,77.4
2020,IN,18097,Marion,72060,2493,62,wood,17.7,55.4,74.5
2020,IA,19153,Polk,82512,579,54,wood,14.0,57.9,66.2
2020,KS,20091,Johnson,109554,1110,46,wood,12.0,53.6,55.6
2020,KS,20173,Sedgwick,77428,576,56,wood,11.1,64.6,48.2
2020,LA,22033,East Baton Rouge,72446,604,54,wood,17.5,65.8,66.6
2020,LA,22071,Orleans,61087,2257,68,wood,8.3,72.7,76.7
2020,MI,26081,Kent,87215,709,58,wood,12.3,59.6,63.2
2020,MN,27003,Anoka,104335,768,54,wood,16.5,53.4,61.6
2020,MN,27053,Hennepin,96621,2065,62,wood,17.4,61.9,70.3
2020,MS,28049,Hinds,53553,324,62,wood,10.6,68.8,69.9
2020,MO,29095,Jackson,75534,1654,60,wood,16.6,57.8,71.9
2020,NE,31055,Douglas,89365,1553,54,wood,8.1,59.2,59.2
2020,NV,32003,Clark,81164,533,44,masonry,13.2,68.1,57.1
2020,NJ,34013,Essex,87535,6641,74,masonry,16.6,63.5,77.2
2020,NY,36029,Erie,77181,784,71,wood,13.6,57.7,86.6
2020,NY,36059,Nassau,137881,5098,74,masonry,9.0,71.0,83.9
2020,NY,36103,Suffolk,127745,1795,66,wood,17.4,68.4,63.8
2020,NC,37119,Mecklenburg,89930,1166,44,wood,16.1,62.3,53.7
2020,OH,39035,Cuyahoga,67469,3033,70,wood,5.1,73.8,93.8
2020,OH,39049,Franklin,82476,1666,52,wood,12.2,53.4,53.5
2020,OK,40109,Oklahoma,70937,905,52,wood,16.2,61.0,63.5
2020,OK,40143,Tulsa,78214,1017,56,wood,5.1,67.4,69.4
2020,OR,41051,Multnomah,88133,1816,58,wood,11.3,69.9,63.6
2020,PA,42101,Philadelphia,67482,13050,76,masonry,16.0,71.9,83.8
2020,SC,45045,Greenville,79455,531,46,wood,15.4,66.5,47.0
2020,TN,47037,Davidson,81909,1378,51,wood,6.6,57.9,55.7
2020,TN,47157,Shelby,71520,1466,56,wood,10.8,72.8,72.0
2020,TX,48029,Bexar,79762,1157,44,masonry,17.9,62.7,60.7
2020,TX,48113,Dallas,88368,3177,50,wood,11.8,73.5,54.1
2020,TX,48141,El Paso,65986,882,48,masonry,14.4,69.5,56.9
2020,TX,48201,Harris,81498,2985,48,wood,9.2,70.2,51.2
2020,TX,48439,Tarrant,90769,2489,46,wood,15.3,52.8,51.6
2020,UT,49035,Salt Lake,96803,1537,48,masonry,10.8,72.3,58.8
2020,VA,51059,Fairfax,165494,3050,54,wood,12.3,55.7,63.8
2020,WA,53033,King,134143,1057,52,wood,16.5,70.6,62.0
2020,WI,55079,Milwaukee,63980,6798,70,wood,15.1,70.0,82.8
2021,AL,01073,Jefferson,77176,744,54,wood,7.1,63.6,59.4
2021,AL,01097,Mobile,69040,501,58,wood,10.3,63.4,71.0
2021,AZ,04013,Maricopa,83960,569,38,masonry,11.1,63.7,44.4
2021,AR,05119,Pulaski,70695,423,52,wood,10.9,61.8,57.5
2021,CA,06037,Los Angeles,107115,2620,61,wood,13.9,54.0,65.8
2021,CA,06073,San Diego,111738,840,48,wood,17.4,55.4,52.5
2021,CO,08031,Denver,98173,5002,56,wood,12.7,63.1,67.1
2021,CO,08041,El Paso,89691,310,44,wood,10.3,54.7,48.0
2021,FL,12057,Hillsborough,78795,1481,48,masonry,8.0,53.3,44.0
2021,FL,12086,Miami-Dade,70737,1534,54,masonry,6.0,70.2,60.6
2021,FL,12095,Orange,84873,1428,44,masonry,12.2,69.3,47.6
2021,GA,13089,DeKalb,83878,2922,56,wood,17.8,62.9,63.8
2021,IL,17031,Cook,89329,6401,68,wood,6.9,64.0,74.5
2021,IL,17167,Sangamon,83267,319,60,wood,7.9,52.6,71.6
2021,IN,18097,Marion,78019,2526,62,wood,7.8,64.4,73.6
2021,IA,19153,Polk,85710,597,54,wood,17.9,59.2,62.2
2021,KS,20091,Johnson,105511,1119,46,wood,12.4,56.3,55.3
2021,KS,20173,Sedgwick,78304,592,56,wood,5.4,63.7,62.9
2021,LA,22033,East Baton Rouge,72626,606,54,wood,10.1,73.3,60.2
2021,LA,22071,Orleans,60352,2274,68,wood,7.8,71.6,80.6
2021,MI,26081,Kent,82725,705,58,wood,10.2,67.2,68.1
2021,MN,27003,Anoka,100554,792,54,wood,11.2,52.2,55.5
2021,MN,27053,Hennepin,102427,2130,62,wood,17.5,64.3,66.7
2021,MS,28049,Hinds,54849,317,62,wood,7.2,55.8,71.7
2021,MO,29095,Jackson,77863,1645,60,wood,6.6,54.1,72.0
2021,NE,31055,Douglas,94388,1547,54,wood,11.7,59.9,56.9
2021,NV,32003,Clark,81164,530,44,masonry,14.4,54.0,49.0
2021,NJ,34013,Essex,92191,6853,74,masonry,13.2,65.4,87.1
2021,NY,36029,Erie,84832,774,71,wood,12.1,69.7,80.4
2021,NY,36059,Nassau,138610,5273,74,masonry,6.3,72.2,92.3
2021,NY,36103,Suffolk,134346,1783,66,wood,11.5,59.1,75.0
2021,NC,37119,Mecklenburg,91611,1170,44,wood,6.3,64.8,61.7
2021,OH,39035,Cuyahoga,69442,3067,70,wood,11.8,55.9,79.1
2021,OH,39049,Franklin,81976,1631,52,wood,11.9,61.3,59.3
2021,OK,40109,Oklahoma,76303,906,52,wood,12.9,52.7,64.1
2021,OK,40143,Tulsa,73092,1003,56,wood,12.8,68.0,72.4
2021,OR,41051,Multnomah,93303,1838,58,wood,5.2,71.6,71.7
2021,PA,42101,Philadelphia,69431,13142,76,masonry,10.1,56.8,86.9
2021,SC,45045,Greenville,79495,531,46,wood,14.4,54.3,62.6
2021,TN,47037,Davidson,79246,1374,51,wood,16.2,67.8,59.9
2021,TN,47157,Shelby,75271,1474,56,wood,5.5,65.7,61.0
2021,TX,48029,Bexar,83955,1174,44,masonry,8.3,57.4,54.0
2021,TX,48113,Dallas,86205,3216,50,wood,15.6,67.2,50.6
2021,TX,48141,El Paso,66798,870,48,masonry,6.4,52.2,57.8
2021,TX,48201,Harris,80037,2974,48,wood,7.9,58.5,55.3
2021,TX,48439,Tarrant,84697,2500,46,wood,10.7,55.6,54.5
2021,UT,49035,Salt Lake,96723,1532,48,masonry,15.0,61.2,50.9
2021,VA,51059,Fairfax,166750,3072,54,wood,12.3,70.1,65.8
2021,WA,53033,King,135788,1064,52,wood,14.2,71.3,56.1
2021,WI,55079,Milwaukee,63406,6931,70,wood,14.1,66.6,85.5
2022,AL,01073,Jefferson,73096,755,55,wood,5.5,61.4,70.9
2022,AL,01097,Mobile,67090,504,59,wood,17.6,72.4,69.6
2022,AZ,04013,Maricopa,87025,562,39,masonry,9.0,67.6,39.1
2022,AR,05119,Pulaski,73754,435,53,wood,7.2,71.3,60.1
2022,CA,06037,Los Angeles,101996,2704,62,wood,10.9,61.5,76.1
2022,CA,06073,San Diego,108572,836,49,wood,12.7,56.0,57.4
2022,CO,08031,Denver,101770,5003,57,wood,11.2,53.6,70.3
2022,CO,08041,El Paso,92526,312,45,wood,9.1,57.5,49.8
2022,FL,12057,Hillsborough,82270,1496,49,masonry,5.5,61.2,56.5
2022,FL,12086,Miami-Dade,76810,1554,55,masonry,11.0,54.5,66.1
2022,FL,12095,Orange,81764,1466,45,masonry,11.6,63.3,60.5
2022,GA,13089,DeKalb,81175,2923,57,wood,5.0,55.5,73.2
2022,IL,17031,Cook,92243,6274,69,wood,17.0,72.5,76.7
2022,IL,17167,Sangamon,84382,322,61,wood,11.7,65.9,67.2
2022,IN,18097,Marion,78025,2505,63,wood,6.2,70.0,76.1
2022,IA,19153,Polk,89485,582,55,wood,13.1,68.5,65.2
2022,KS,20091,Johnson,112885,1126,47,wood,13.5,63.2,48.8
2022,KS,20173,Sedgwick,82578,586,57,wood,9.3,52.1,61.8
2022,LA,22033,East Baton Rouge,72954,592,55,wood,5.7,62.9,78.7
2022,LA,22071,Orleans,63174,2282,69,wood,13.6,53.0,81.0
2022,MI,26081,Kent,83437,720,59,wood,7.9,63.7,62.6
2022,MN,27003,Anoka,104493,791,55,wood,14.9,74.0,63.8
2022,MN,27053,Hennepin,106763,2094,63,wood,11.2,58.8,65.0
2022,MS,28049,Hinds,58825,320,63,wood,7.7,58.3,81.3
2022,MO,29095,Jackson,80242,1634,61,wood,9.7,71.4,71.0
2022,NE,31055,Douglas,89550,1579,55,wood,9.0,72.9,62.7
2022,NV,32003,Clark,87257,540,45,masonry,8.9,59.9,52.4
2022,NJ,34013,Essex,89552,6753,75,masonry,11.7,53.1,85.6
2022,NY,36029,Erie,82011,777,72,wood,8.4,64.8,79.8
2022,NY,36059,Nassau,154097,5189,75,masonry,14.9,52.5,86.4
2022,NY,36103,Suffolk,140531,1806,67,wood,11.9,58.4,65.8
2022,NC,37119,Mecklenburg,92820,1166,45,wood,11.9,66.5,51.8
2022,OH,39035,Cuyahoga,73947,3098,71,wood,9.6,71.4,84.2
2022,OH,39049,Franklin,88113,1669,53,wood,17.8,71.3,67.2
2022,OK,40109,Oklahoma,72540,927,53,wood,14.1,68.5,61.2
2022,OK,40143,Tulsa,77664,1023,57,wood,5.6,68.3,67.6
2022,OR,41051,Multnomah,93026,1899,59,wood,8.5,52.4,69.7
2022,PA,42101,Philadelphia,65660,12941,77,masonry,12.6,73.9,91.8
2022,SC,45045,Greenville,82485,548,47,wood,12.5,56.3,54.8
2022,TN,47037,Davidson,85353,1382,52,wood,6.1,73.4,58.3
2022,TN,47157,Shelby,75667,1526,57,wood,17.2,66.0,64.0
2022,TX,48029,Bexar,79229,1174,45,masonry,9.0,52.2,51.6
2022,TX,48113,Dallas,89688,3259,51,wood,7.1,58.6,62.8
2022,TX,48141,El Paso,67726,891,49,masonry,13.0,66.1,56.7
2022,TX,48201,Harris,79635,3060,49,wood,6.4,64.0,63.9
2022,TX,48439,Tarrant,92947,2465,47,wood,11.7,56.5,56.2
2022,UT,49035,Salt Lake,103707,1549,49,masonry,17.4,59.7,54.1
2022,VA,51059,Fairfax,168278,3167,55,wood,9.3,69.8,70.3
2022,WA,53033,King,138025,1056,53,wood,12.9,52.9,58.2
2022,WI,55079,Milwaukee,65873,6958,71,wood,10.0,73.9,89.3
2023,AL,01073,Jefferson,77264,746,56,wood,8.5,59.0,67.9
2023,AL,01097,Mobile,70465,505,60,wood,8.2,53.4,75.8
2023,AZ,04013,Maricopa,86706,571,40,masonry,5.9,54.7,44.4
2023,AR,05119,Pulaski,71788,435,54,wood,7.4,71.9,70.3
2023,CA,06037,Los Angeles,109006,2667,63,wood,6.2,54.2,71.7
2023,CA,06073,San Diego,109079,837,50,wood,9.4,70.1,59.6
2023,CO,08031,Denver,97735,5018,58,wood,8.5,53.9,57.9
2023,CO,08041,El Paso,89136,315,46,wood,16.1,73.6,52.8
2023,FL,12057,Hillsborough,79051,1530,50,masonry,11.9,66.1,62.0
2023,FL,12086,Miami-Dade,74449,1537,56,masonry,6.0,69.8,66.6
2023,FL,12095,Orange,86422,1435,46,masonry,11.0,64.2,50.3
2023,GA,13089,DeKalb,83857,2850,58,wood,14.8,64.6,77.4
2023,IL,17031,Cook,95459,6322,70,wood,5.8,66.3,72.8
2023,IL,17167,Sangamon,80069,321,62,wood,11.1,53.2,61.4
2023,IN,18097,Marion,82465,2603,64,wood,11.5,54.2,74.8
2023,IA,19153,Polk,86680,602,56,wood,16.1,72.5,62.9
2023,KS,20091,Johnson,112858,1118,48,wood,6.7,72.2,57.5
2023,KS,20173,Sedgwick,77644,595,58,wood,16.9,65.9,79.0
2023,LA,22033,East Baton Rouge,69625,606,56,wood,5.6,61.7,54.9
2023,LA,22071,Orleans,61113,2212,70,wood,12.3,61.6,77.8
2023,MI,26081,Kent,85521,713,60,wood,9.0,59.1,61.2
2023,MN,27003,Anoka,100890,801,56,wood,13.6,67.1,63.6
2023,MN,27053,Hennepin,102177,2128,64,wood,8.2,70.9,70.5
2023,MS,28049,Hinds,57649,328,64,wood,14.0,65.1,66.0
2023,MO,29095,Jackson,78063,1655,62,wood,16.2,63.7,75.5
2023,NE,31055,Douglas,96916,1586,56,wood,8.9,57.6,67.2
2023,NV,32003,Clark,87554,527,46,masonry,6.1,68.9,58.9
2023,NJ,34013,Essex,94577,6805,76,masonry,16.0,69.3,87.6
2023,NY,36029,Erie,83662,788,73,wood,17.9,73.2,74.7
2023,NY,36059,Nassau,146091,5338,76,masonry,5.6,67.9,95
2023,NY,36103,Suffolk,141555,1809,68,wood,13.9,57.1,67.6
2023,NC,37119,Mecklenburg,94752,1168,46,wood,13.5,68.2,59.0
2023,OH,39035,Cuyahoga,71403,3115,72,wood,11.6,67.4,88.3
2023,OH,39049,Franklin,83785,1673,54,wood,14.7,65.8,64.4
2023,OK,40109,Oklahoma,78278,913,54,wood,6.1,59.8,65.8
2023,OK,40143,Tulsa,76800,1016,58,wood,5.5,62.2,61.8
2023,OR,41051,Multnomah,91123,1883,60,wood,10.6,53.7,65.3
2023,PA,42101,Philadelphia,67391,13171,78,masonry,15.6,68.6,92.8
2023,SC,45045,Greenville,82494,542,48,wood,11.8,54.5,54.2
2023,TN,47037,Davidson,85003,1380,53,wood,11.2,69.6,63.8
2023,TN,47157,Shelby,76961,1522,58,wood,9.1,61.9,74.1
2023,TX,48029,Bexar,80791,1173,46,masonry,9.6,71.2,52.8
2023,TX,48113,Dallas,87297,3206,52,wood,8.8,62.0,58.1
2023,TX,48141,El Paso,70370,884,50,masonry,9.9,61.9,56.0
2023,TX,48201,Harris,86135,3038,50,wood,17.3,66.0,55.6
2023,TX,48439,Tarrant,92125,2494,48,wood,10.9,63.8,49.9
2023,UT,49035,Salt Lake,99460,1531,50,masonry,15.6,63.9,60.6
2023,VA,51059,Fairfax,183633,3148,56,wood,15.1,65.5,75.5
2023,WA,53033,King,134393,1062,54,wood,7.7,60.2,64.1
2023,WI,55079,Milwaukee,68883,7018,72,wood,7.2,73.8,81.1
