year,state,county_fips,county_name,nfip_claim_count,avg_building_payout_usd,avg_contents_payout_usd,total_nfip_payout_usd
2000,AL,01073,Jefferson,50,17579,169823,9370100
2000,AL,01097,Mobile,49,71409,8988,3939453
2000,AZ,04013,Maricopa,13,39642,20961,787839
2000,AR,05119,Pulaski,25,11005,4218,380575
2000,CA,06037,Los Angeles,55,31007,8830,2191035
2000,CA,06073,San Diego,21,45860,5235,1072995
2000,CO,08031,Denver,3,27204,11626,116490
2000,CO,08041,El Paso,5,66561,6114,363375
2000,FL,12057,Hillsborough,396,19686,7937,10938708
2000,FL,12086,Miami-Dade,161,43462,6011,7965153
2000,FL,12095,Orange,25,29758,8681,960975
2000,GA,13089,DeKalb,21,102192,8118,2316510
2000,IL,17031,Cook,54,88614,8922,5266944
2000,IL,17167,Sangamon,59,46459,17578,3778183
2000,IN,18097,Marion,66,119719,17053,9026952
2000,IA,19153,Polk,57,39294,45226,4817640
2000,KS,20091,Johnson,25,27879,4996,821875
2000,KS,20173,Sedgwick,17,82229,10847,1582292
2000,LA,22033,East Baton Rouge,40,217131,2563,8787760
2000,LA,22071,Orleans,128,2267,9063,1450240
2000,MI,26081,Kent,101,32419,5070,3786389
2000,MN,27003,Anoka,3,96298,26362,367980
2000,MN,27053,Hennepin,47,9682,7562,810468
2000,MS,28049,Hinds,5,91128,13117,521225
2000,MO,29095,Jackson,14,21758,7100,404012
2000,NE,31055,Douglas,8,9249,4739,111904
2000,NV,32003,Clark,6,21469,26420,287334
2000,NJ,34013,Essex,12,23437,4956,340716
2000,NY,36029,Erie,16,47798,21532,1109280
2000,NY,36059,Nassau,58,70067,13865,4868056
2000,NY,36103,Suffolk,25,44664,37645,2057725
2000,NC,37119,Mecklenburg,46,195641,19083,9877304
2000,OH,39035,Cuyahoga,12,22784,11225,408108
2000,OH,39049,Franklin,8,44547,33936,627864
2000,OK,40109,Oklahoma,38,17056,6321,888326
2000,OK,40143,Tulsa,22,69472,6545,1672374
2000,OR,41051,Multnomah,58,152490,14220,9669180
2000,PA,42101,Philadelphia,43,123886,34044,6790990
2000,SC,45045,Greenville,20,43320,3371,933820
2000,TN,47037,Davidson,40,18239,16170,1376360
2000,TN,47157,Shelby,5,52345,18696,355205
2000,TX,48029,Bexar,17,43499,8129,877676
2000,TX,48113,Dallas,48,101259,5314,5115504
2000,TX,48141,El Paso,26,8298,12105,530478
2000,TX,48201,Harris,155,49498,2098,7997380
2000,TX,48439,Tarrant,17,66742,9549,1296947
2000,UT,49035,Salt Lake,25,91239,7010,2456225
2000,VA,51059,Fairfax,4,16002,23281,157132
2000,WA,53033,King,128,38333,34980,9384064
2000,WI,55079,Milwaukee,46,28910,22586,2368816
2001,AL,01073,Jefferson,22,65901,8057,1627076
2001,AL,01097,Mobile,170,21674,9859,5360610
2001,AZ,04013,Maricopa,24,19248,4701,574776
2001,AR,05119,Pulaski,26,194995,31710,5894330
2001,CA,06037,Los Angeles,21,20722,4596,531678
2001,CA,06073,San Diego,15,174431,16437,2863020
2001,CO,08031,Denver,19,31828,11497,823175
2001,CO,08041,El Paso,57,32104,13159,2579991
2001,FL,12057,Hillsborough,144,36650,12734,7111296
2001,FL,12086,Miami-Dade,30,79358,12465,2754690
2001,FL,12095,Orange,96,62839,11206,7108320
2001,GA,13089,DeKalb,46,20320,15609,1652734
2001,IL,17031,Cook,20,11782,8209,399820
2001,IL,17167,Sangamon,21,126829,22071,3126900
2001,IN,18097,Marion,35,17131,7802,872655
2001,IA,19153,Polk,11,76717,22409,1090386
2001,KS,20091,Johnson,17,29714,21767,875177
2001,KS,20173,Sedgwick,22,62586,5291,1493294
2001,LA,22033,East Baton Rouge,53,172496,70748,12891932
2001,LA,22071,Orleans,95,41021,5589,4427950
2001,MI,26081,Kent,65,41735,3717,2954380
2001,MN,27003,Anoka,182,32639,19617,9510592
2001,MN,27053,Hennepin,143,17013,5512,3221075
2001,MS,28049,Hinds,6,38881,3154,252210
2001,MO,29095,Jackson,51,96250,15236,5685786
2001,NE,31055,Douglas,14,66135,5794,1007006
2001,NV,32003,Clark,47,36229,15071,2411100
2001,NJ,34013,Essex,12,58898,10720,835416
2001,NY,36029,Erie,3,27290,6462,101256
2001,NY,36059,Nassau,86,10289,17182,2362506
2001,NY,36103,Suffolk,48,32871,6191,1874976
2001,NC,37119,Mecklenburg,11,24981,9870,383361
2001,OH,39035,Cuyahoga,9,33126,5474,347400
2001,OH,39049,Franklin,39,15364,4634,779922
2001,OK,40109,Oklahoma,15,34661,15410,751065
2001,OK,40143,Tulsa,24,52153,37233,2145264
2001,OR,41051,Multnomah,37,71267,17557,3286488
2001,PA,42101,Philadelphia,13,78651,8550,1133613
2001,SC,45045,Greenville,9,47297,5776,477657
2001,TN,47037,Davidson,19,25740,3585,557175
2001,TN,47157,Shelby,63,21073,6784,1754991
2001,TX,48029,Bexar,3,23408,4432,83520
2001,TX,48113,Dallas,23,21776,12922,798054
2001,TX,48141,El Paso,71,9810,4693,1029713
2001,TX,48201,Harris,9,41889,17326,532935
2001,TX,48439,Tarrant,41,46516,4140,2076896
2001,UT,49035,Salt Lake,16,8328,6338,234656
2001,VA,51059,Fairfax,63,88723,8751,6140862
2001,WA,53033,King,39,72060,3381,2942199
2001,WI,55079,Milwaukee,48,100505,13762,5484816
2002,AL,01073,Jefferson,51,13700,8644,1139544
2002,AL,01097,Mobile,139,14237,10759,3474444
2002,AZ,04013,Maricopa,7,61763,13985,530236
2002,AR,05119,Pulaski,7,42448,8841,359023
2002,CA,06037,Los Angeles,26,34291,5806,1042522
2002,CA,06073,San Diego,4,10802,10223,84100
2002,CO,08031,Denver,18,30630,33035,1145970
2002,CO,08041,El Paso,19,43532,6193,944775
2002,FL,12057,Hillsborough,382,17825,10717,10903044
2002,FL,12086,Miami-Dade,81,40867,10109,4129056
2002,FL,12095,Orange,32,259358,20032,8940480
2002,GA,13089,DeKalb,71,87702,8326,6817988
2002,IL,17031,Cook,58,25744,53769,4611754
2002,IL,17167,Sangamon,7,23601,52532,532931
2002,IN,18097,Marion,24,39545,8903,1162752
2002,IA,19153,Polk,33,42784,14141,1878525
2002,KS,20091,Johnson,20,47467,7581,1100960
2002,KS,20173,Sedgwick,330,54950,13546,22603680
2002,LA,22033,East Baton Rouge,65,57335,31859,5797610
2002,LA,22071,Orleans,102,37565,2625,4099380
2002,MI,26081,Kent,27,79143,4678,2263167
2002,MN,27003,Anoka,30,15374,9515,746670
2002,MN,27053,Hennepin,65,28742,9646,2495220
2002,MS,28049,Hinds,6,26368,8050,206508
2002,MO,29095,Jackson,164,25856,8036,5558288
2002,NE,31055,Douglas,9,100527,11059,1004274
2002,NV,32003,Clark,29,51072,20731,2082287
2002,NJ,34013,Essex,118,11381,16392,3277214
2002,NY,36029,Erie,7,26027,5009,217252
2002,NY,36059,Nassau,5,23375,13549,184620
2002,NY,36103,Suffolk,46,70259,15996,3967730
2002,NC,37119,Mecklenburg,56,141619,18222,8951096
2002,OH,39035,Cuyahoga,13,33369,24891,757380
2002,OH,39049,Franklin,11,28870,8312,409002
2002,OK,40109,Oklahoma,13,38367,21263,775190
2002,OK,40143,Tulsa,26,46600,21032,1758432
2002,OR,41051,Multnomah,7,159785,8761,1179822
2002,PA,42101,Philadelphia,11,72445,10028,907203
2002,SC,45045,Greenville,23,41527,12918,1252235
2002,TN,47037,Davidson,5,38820,3583,212015
2002,TN,47157,Shelby,14,17498,6163,331254
2002,TX,48029,Bexar,35,32543,14037,1630300
2002,TX,48113,Dallas,32,16973,9385,843456
2002,TX,48141,El Paso,39,12743,13825,1036152
2002,TX,48201,Harris,169,12983,12514,4308993
2002,TX,48439,Tarrant,7,20716,4153,174083
2002,UT,49035,Salt Lake,23,132270,8899,3246887
2002,VA,51059,Fairfax,5,182563,13646,981045
2002,WA,53033,King,22,64789,7430,1588818
2002,WI,55079,Milwaukee,6,72188,8050,481428
2003,AL,01073,Jefferson,35,32002,9390,1448720
2003,AL,01097,Mobile,296,54716,31366,25480272
2003,AZ,04013,Maricopa,14,43678,5693,691194
2003,AR,05119,Pulaski,67,87906,2499,6057135
2003,CA,06037,Los Angeles,19,70335,9711,1520874
2003,CA,06073,San Diego,34,79661,23042,3491902
2003,CO,08031,Denver,10,19049,19371,384200
2003,CO,08041,El Paso,10,62396,10197,725930
2003,FL,12057,Hillsborough,57,99778,6280,6045306
2003,FL,12086,Miami-Dade,321,8967,6178,4861545
2003,FL,12095,Orange,51,126108,5049,6689007
2003,GA,13089,DeKalb,10,13670,29288,429580
2003,IL,17031,Cook,7,138208,9427,1033445
2003,IL,17167,Sangamon,43,15054,5611,888595
2003,IN,18097,Marion,4,24192,16833,164100
2003,IA,19153,Polk,16,97361,9328,1707024
2003,KS,20091,Johnson,38,201310,24507,8581046
2003,KS,20173,Sedgwick,43,97166,11704,4681410
2003,LA,22033,East Baton Rouge,2,68953,19962,177830
2003,LA,22071,Orleans,106,94244,8531,10894150
2003,MI,26081,Kent,12,92659,4287,1163352
2003,MN,27003,Anoka,19,161388,19212,3431400
2003,MN,27053,Hennepin,52,50448,9341,3109028
2003,MS,28049,Hinds,13,38985,13858,686959
2003,MO,29095,Jackson,65,16710,7225,1555775
2003,NE,31055,Douglas,4,165624,14139,719052
2003,NV,32003,Clark,6,76675,9047,514332
2003,NJ,34013,Essex,22,62763,7252,1540330
2003,NY,36029,Erie,28,33701,7589,1156120
2003,NY,36059,Nassau,17,61342,6055,1145749
2003,NY,36103,Suffolk,14,117529,6966,1742930
2003,NC,37119,Mecklenburg,44,49194,4086,2344320
2003,OH,39035,Cuyahoga,476,31313,17931,23440144
2003,OH,39049,Franklin,71,35813,4354,2851857
2003,OK,40109,Oklahoma,38,29430,14052,1652316
2003,OK,40143,Tulsa,77,85678,7368,7164542
2003,OR,41051,Multnomah,59,77903,4439,4858178
2003,PA,42101,Philadelphia,21,49726,16032,1380918
2003,SC,45045,Greenville,7,16353,15139,220444
2003,TN,47037,Davidson,10,32215,1118,333330
2003,TN,47157,Shelby,33,60793,18280,2609409
2003,TX,48029,Bexar,4,14675,16811,125944
2003,TX,48113,Dallas,34,499568,8397,17270810
2003,TX,48141,El Paso,19,63649,2616,1259035
2003,TX,48201,Harris,99,69587,11379,8015634
2003,TX,48439,Tarrant,11,42023,2420,488873
2003,UT,49035,Salt Lake,46,11978,4163,742486
2003,VA,51059,Fairfax,4,54978,5192,240680
2003,WA,53033,King,232,161294,12496,40319280
2003,WI,55079,Milwaukee,2,55050,21081,152262
2004,AL,01073,Jefferson,25,29474,16171,1141125
2004,AL,01097,Mobile,41,12704,5396,742100
2004,AZ,04013,Maricopa,20,35885,11617,950040
2004,AR,05119,Pulaski,25,100699,2371,2576750
2004,CA,06037,Los Angeles,5,62826,25422,441240
2004,CA,06073,San Diego,60,26608,7737,2060700
2004,CO,08031,Denver,11,48008,13981,681879
2004,CO,08041,El Paso,60,52144,19720,4311840
2004,FL,12057,Hillsborough,88,36866,23348,5298832
2004,FL,12086,Miami-Dade,36,50324,22596,2625120
2004,FL,12095,Orange,199,42429,10858,10604113
2004,GA,13089,DeKalb,12,33984,8380,508368
2004,IL,17031,Cook,79,41938,5859,3775963
2004,IL,17167,Sangamon,124,9024,10726,2449000
2004,IN,18097,Marion,33,58225,5529,2103882
2004,IA,19153,Polk,5,92945,8372,506585
2004,KS,20091,Johnson,25,25872,3788,741500
2004,KS,20173,Sedgwick,6,41136,11387,315138
2004,LA,22033,East Baton Rouge,22,217329,22254,5270826
2004,LA,22071,Orleans,66,28773,9975,2557368
2004,MI,26081,Kent,21,25560,5479,651819
2004,MN,27003,Anoka,20,33621,10888,890180
2004,MN,27053,Hennepin,12,37279,21656,707220
2004,MS,28049,Hinds,79,17142,4794,1732944
2004,MO,29095,Jackson,55,50728,4792,3053600
2004,NE,31055,Douglas,99,45239,13534,5818527
2004,NV,32003,Clark,64,150186,11194,10328320
2004,NJ,34013,Essex,22,120989,8385,2846228
2004,NY,36029,Erie,40,28286,21488,1990960
2004,NY,36059,Nassau,18,54876,4811,1074366
2004,NY,36103,Suffolk,31,6109,27352,1037291
2004,NC,37119,Mecklenburg,6,16451,10745,163176
2004,OH,39035,Cuyahoga,10,52230,7435,596650
2004,OH,39049,Franklin,15,20923,9573,457440
2004,OK,40109,Oklahoma,95,63797,14411,7429760
2004,OK,40143,Tulsa,14,15589,12454,392602
2004,OR,41051,Multnomah,28,37912,4192,1178912
2004,PA,42101,Philadelphia,42,20306,11155,1321362
2004,SC,45045,Greenville,43,9208,2830,517634
2004,TN,47037,Davidson,80,191194,17560,16700320
2004,TN,47157,Shelby,15,37660,3181,612615
2004,TX,48029,Bexar,26,47302,7144,1415596
2004,TX,48113,Dallas,108,26510,26879,5766012
2004,TX,48141,El Paso,3,34204,5481,119055
2004,TX,48201,Harris,92,34756,13234,4415080
2004,TX,48439,Tarrant,3,28822,21770,151776
2004,UT,49035,Salt Lake,274,170788,5793,48383194
2004,VA,51059,Fairfax,7,28613,40664,484939
2004,WA,53033,King,6,48099,7757,335136
2004,WI,55079,Milwaukee,46,131274,24491,7165190
2005,AL,01073,Jefferson,25,10710,8392,477550
2005,AL,01097,Mobile,45,22581,19548,1895805
2005,AZ,04013,Maricopa,18,41621,3433,810972
2005,AR,05119,Pulaski,40,33157,15576,1949320
2005,CA,06037,Los Angeles,47,120049,6731,5958660
2005,CA,06073,San Diego,116,41740,4125,5320340
2005,CO,08031,Denver,6,24130,2827,161742
2005,CO,08041,El Paso,44,32659,7536,1768580
2005,FL,12057,Hillsborough,83,38896,4015,3561613
2005,FL,12086,Miami-Dade,49,33756,8470,2069074
2005,FL,12095,Orange,69,41035,19371,4168014
2005,GA,13089,DeKalb,21,19372,33597,1112349
2005,IL,17031,Cook,10,26311,9093,354040
2005,IL,17167,Sangamon,70,109517,5149,8026620
2005,IN,18097,Marion,67,15516,8221,1590379
2005,IA,19153,Polk,27,34091,10614,1207035
2005,KS,20091,Johnson,13,43782,8848,684190
2005,KS,20173,Sedgwick,4,49938,11949,247548
2005,LA,22033,East Baton Rouge,43,16588,29183,1968153
2005,LA,22071,Orleans,144,134630,10403,20884752
2005,MI,26081,Kent,16,31707,6105,604992
2005,MN,27003,Anoka,26,98249,4967,2683616
2005,MN,27053,Hennepin,40,48097,7673,2230800
2005,MS,28049,Hinds,163,60436,7913,11140887
2005,MO,29095,Jackson,56,35873,12575,2713088
2005,NE,31055,Douglas,106,50835,13269,6795024
2005,NV,32003,Clark,26,51599,7058,1525082
2005,NJ,34013,Essex,65,33899,35881,4535700
2005,NY,36029,Erie,2,33827,7980,83614
2005,NY,36059,Nassau,31,60481,14084,2311515
2005,NY,36103,Suffolk,43,47621,14505,2671418
2005,NC,37119,Mecklenburg,35,6753,11862,651525
2005,OH,39035,Cuyahoga,26,97583,14156,2905214
2005,OH,39049,Franklin,5,36049,3983,200160
2005,OK,40109,Oklahoma,15,50205,6123,844920
2005,OK,40143,Tulsa,26,16631,2484,496990
2005,OR,41051,Multnomah,5,28785,2597,156910
2005,PA,42101,Philadelphia,105,31281,3083,3608220
2005,SC,45045,Greenville,9,18411,5565,215784
2005,TN,47037,Davidson,13,4060,6796,141128
2005,TN,47157,Shelby,32,35621,8289,1405120
2005,TX,48029,Bexar,68,64386,29100,6357048
2005,TX,48113,Dallas,5,58535,15054,367945
2005,TX,48141,El Paso,26,43999,11379,1439828
2005,TX,48201,Harris,71,75151,21540,6865061
2005,TX,48439,Tarrant,43,8075,4320,532985
2005,UT,49035,Salt Lake,35,35290,5599,1431115
2005,VA,51059,Fairfax,10,49720,6617,563370
2005,WA,53033,King,24,64696,9310,1776144
2005,WI,55079,Milwaukee,47,18395,14965,1567920
2006,AL,01073,Jefferson,36,78668,3558,2960136
2006,AL,01097,Mobile,9,57469,2686,541395
2006,AZ,04013,Maricopa,103,94634,19121,11716765
2006,AR,05119,Pulaski,10,47415,9998,574130
2006,CA,06037,Los Angeles,8,125174,14797,1119768
2006,CA,06073,San Diego,9,77512,12707,811971
2006,CO,08031,Denver,15,71616,11771,1250805
2006,CO,08041,El Paso,49,31854,12704,2183342
2006,FL,12057,Hillsborough,33,75703,15070,2995509
2006,FL,12086,Miami-Dade,66,25188,7373,2149026
2006,FL,12095,Orange,76,22805,15395,2903200
2006,GA,13089,DeKalb,107,91599,10362,10909827
2006,IL,17031,Cook,20,32505,7068,791460
2006,IL,17167,Sangamon,17,35562,2889,653667
2006,IN,18097,Marion,13,27548,35817,823745
2006,IA,19153,Polk,23,146714,13234,3678804
2006,KS,20091,Johnson,37,28920,37832,2469824
2006,KS,20173,Sedgwick,32,49586,12909,1999840
2006,LA,22033,East Baton Rouge,67,11271,12772,1610881
2006,LA,22071,Orleans,794,21959,3634,20320842
2006,MI,26081,Kent,69,88817,4336,6427557
2006,MN,27003,Anoka,30,32634,5806,1153200
2006,MN,27053,Hennepin,29,37820,46331,2440379
2006,MS,28049,Hinds,55,84940,8463,5137165
2006,MO,29095,Jackson,5,53278,13932,336050
2006,NE,31055,Douglas,25,20274,5394,641700
2006,NV,32003,Clark,12,10470,16025,317940
2006,NJ,34013,Essex,55,10676,4190,817630
2006,NY,36029,Erie,7,35711,6017,292096
2006,NY,36059,Nassau,26,5761,41540,1229826
2006,NY,36103,Suffolk,69,9011,13944,1583895
2006,NC,37119,Mecklenburg,2,27960,8356,72632
2006,OH,39035,Cuyahoga,40,22831,23750,1863240
2006,OH,39049,Franklin,107,94514,13639,11572371
2006,OK,40109,Oklahoma,51,105682,14116,6109698
2006,OK,40143,Tulsa,25,17019,4585,540100
2006,OR,41051,Multnomah,11,18573,6024,270567
2006,PA,42101,Philadelphia,3,17093,11744,86511
2006,SC,45045,Greenville,61,14409,6152,1254221
2006,TN,47037,Davidson,5,52769,8018,303935
2006,TN,47157,Shelby,13,60378,12542,947960
2006,TX,48029,Bexar,10,83574,7123,906970
2006,TX,48113,Dallas,26,33715,5951,1031316
2006,TX,48141,El Paso,46,120096,8215,5902306
2006,TX,48201,Harris,3,140362,23802,492492
2006,TX,48439,Tarrant,32,217569,6312,7164192
2006,UT,49035,Salt Lake,33,57046,9766,2204796
2006,VA,51059,Fairfax,6,27442,13501,245658
2006,WA,53033,King,47,10880,14671,1200897
2006,WI,55079,Milwaukee,32,98153,21044,3814304
2007,AL,01073,Jefferson,35,63980,14758,2755830
2007,AL,01097,Mobile,69,64063,14698,5434509
2007,AZ,04013,Maricopa,39,25832,9165,1364883
2007,AR,05119,Pulaski,19,38337,10408,926155
2007,CA,06037,Los Angeles,15,36619,7007,654390
2007,CA,06073,San Diego,5,25560,7853,167065
2007,CO,08031,Denver,11,55903,1827,635030
2007,CO,08041,El Paso,15,58282,4007,934335
2007,FL,12057,Hillsborough,63,17811,8142,1635039
2007,FL,12086,Miami-Dade,327,49094,4627,17566767
2007,FL,12095,Orange,308,27610,2472,9265256
2007,GA,13089,DeKalb,61,25797,4845,1869162
2007,IL,17031,Cook,38,15187,9763,948100
2007,IL,17167,Sangamon,24,139119,5433,3469248
2007,IN,18097,Marion,78,208939,10837,17142528
2007,IA,19153,Polk,24,55460,9552,1560288
2007,KS,20091,Johnson,81,85448,10598,7779726
2007,KS,20173,Sedgwick,71,23365,2404,1829599
2007,LA,22033,East Baton Rouge,26,31126,10056,1070732
2007,LA,22071,Orleans,161,33524,10097,7022981
2007,MI,26081,Kent,2,52017,9890,123814
2007,MN,27003,Anoka,19,37094,9309,881657
2007,MN,27053,Hennepin,46,34423,3894,1762582
2007,MS,28049,Hinds,8,27222,49716,615504
2007,MO,29095,Jackson,29,47214,13083,1748613
2007,NE,31055,Douglas,9,50246,4538,493056
2007,NV,32003,Clark,9,26775,7720,310455
2007,NJ,34013,Essex,71,24239,7861,2279100
2007,NY,36029,Erie,6,145600,10111,934266
2007,NY,36059,Nassau,37,60354,9718,2592664
2007,NY,36103,Suffolk,23,69093,19068,2027703
2007,NC,37119,Mecklenburg,12,12688,10682,280440
2007,OH,39035,Cuyahoga,13,25476,17812,562744
2007,OH,39049,Franklin,8,13977,3629,140848
2007,OK,40109,Oklahoma,27,30239,18748,1322649
2007,OK,40143,Tulsa,24,32087,15515,1142448
2007,OR,41051,Multnomah,7,28247,31508,418285
2007,PA,42101,Philadelphia,48,48479,16159,3102624
2007,SC,45045,Greenville,33,546465,12955,18460860
2007,TN,47037,Davidson,9,105313,32219,1237788
2007,TN,47157,Shelby,10,32547,16755,493020
2007,TX,48029,Bexar,16,65548,11067,1225840
2007,TX,48113,Dallas,19,21415,19674,780691
2007,TX,48141,El Paso,19,66608,10682,1468510
2007,TX,48201,Harris,28,18745,9415,788480
2007,TX,48439,Tarrant,25,37807,13598,1285125
2007,UT,49035,Salt Lake,53,28933,10759,2103676
2007,VA,51059,Fairfax,6,30033,23378,320466
2007,WA,53033,King,37,68294,5143,2717169
2007,WI,55079,Milwaukee,34,8513,13037,732700
2008,AL,01073,Jefferson,19,68051,6682,1419927
2008,AL,01097,Mobile,23,139775,5831,3348938
2008,AZ,04013,Maricopa,16,11255,3978,243728
2008,AR,05119,Pulaski,60,26818,2879,1781820
2008,CA,06037,Los Angeles,6,72030,17742,538632
2008,CA,06073,San Diego,17,98773,8139,1817504
2008,CO,08031,Denver,42,17063,3886,879858
2008,CO,08041,El Paso,32,34768,3625,1228576
2008,FL,12057,Hillsborough,192,9736,8852,3568896
2008,FL,12086,Miami-Dade,53,80737,12860,4960641
2008,FL,12095,Orange,256,89175,15136,26703616
2008,GA,13089,DeKalb,114,28573,8782,4258470
2008,IL,17031,Cook,38,22336,21263,1656762
2008,IL,17167,Sangamon,75,25466,12235,2827575
2008,IN,18097,Marion,56,102476,1727,5835368
2008,IA,19153,Polk,6,86819,9557,578256
2008,KS,20091,Johnson,35,43655,5250,1711675
2008,KS,20173,Sedgwick,35,35042,18206,1863680
2008,LA,22033,East Baton Rouge,30,42246,7950,1505880
2008,LA,22071,Orleans,40,80341,11590,3677240
2008,MI,26081,Kent,41,32957,8175,1686412
2008,MN,27003,Anoka,29,13174,7084,587482
2008,MN,27053,Hennepin,34,46910,14534,2089096
2008,MS,28049,Hinds,6,12474,9348,130932
2008,MO,29095,Jackson,9,55599,10605,595836
2008,NE,31055,Douglas,14,25159,6654,445382
2008,NV,32003,Clark,3,60581,13564,222435
2008,NJ,34013,Essex,12,16888,4744,259584
2008,NY,36029,Erie,10,87639,17450,1050890
2008,NY,36059,Nassau,21,29338,5957,741195
2008,NY,36103,Suffolk,6,31905,21546,320706
2008,NC,37119,Mecklenburg,35,62572,21891,2956205
2008,OH,39035,Cuyahoga,108,21352,17476,4193424
2008,OH,39049,Franklin,8,8101,21028,233032
2008,OK,40109,Oklahoma,66,35635,8197,2892912
2008,OK,40143,Tulsa,25,12603,23596,904975
2008,OR,41051,Multnomah,82,45087,3137,3954368
2008,PA,42101,Philadelphia,31,47305,14871,1927456
2008,SC,45045,Greenville,40,43333,9796,2125160
2008,TN,47037,Davidson,61,127794,6699,8204073
2008,TN,47157,Shelby,18,49452,21190,1271556
2008,TX,48029,Bexar,7,6976,4451,79989
2008,TX,48113,Dallas,59,16793,4863,1277704
2008,TX,48141,El Paso,7,13812,2493,114135
2008,TX,48201,Harris,65,39632,9146,3170570
2008,TX,48439,Tarrant,21,45987,13462,1248429
2008,UT,49035,Salt Lake,37,31076,13465,1648017
2008,VA,51059,Fairfax,14,69500,10253,1116542
2008,WA,53033,King,32,17202,6075,744864
2008,WI,55079,Milwaukee,4,141662,10143,607220
2009,AL,01073,Jefferson,10,46694,3922,506160
2009,AL,01097,Mobile,159,63076,6020,10986264
2009,AZ,04013,Maricopa,14,17469,9564,378462
2009,AR,05119,Pulaski,19,78438,6314,1610288
2009,CA,06073,San Diego,1,35549,9866,45415
2009,CO,08031,Denver,31,47887,7441,1715168
2009,CO,08041,El Paso,3,114792,4591,358149
2009,FL,12057,Hillsborough,404,58972,6689,26527044
2009,FL,12086,Miami-Dade,63,82109,13227,6006168
2009,FL,12095,Orange,106,83398,11350,10043288
2009,GA,13089,DeKalb,20,87871,9080,1939020
2009,IL,17031,Cook,35,13321,20569,1186150
2009,IL,17167,Sangamon,38,14148,23386,1426292
2009,IN,18097,Marion,151,12324,4854,2593878
2009,IA,19153,Polk,33,22028,9577,1042965
2009,KS,20091,Johnson,36,7955,15594,847764
2009,KS,20173,Sedgwick,21,68893,4478,1540791
2009,LA,22033,East Baton Rouge,105,25860,6297,3376485
2009,LA,22071,Orleans,206,15947,22158,7849630
2009,MI,26081,Kent,13,29473,10743,522808
2009,MN,27003,Anoka,19,27999,8060,685121
2009,MN,27053,Hennepin,142,33717,10945,6342004
2009,MS,28049,Hinds,34,68968,10549,2703578
2009,MO,29095,Jackson,22,48568,6802,1218140
2009,NE,31055,Douglas,56,15370,20071,1984696
2009,NV,32003,Clark,3,31573,9070,121929
2009,NJ,34013,Essex,4,70646,15101,342988
2009,NY,36029,Erie,32,20190,7481,885472
2009,NY,36059,Nassau,54,12201,13840,1406214
2009,NY,36103,Suffolk,9,34905,7911,385344
2009,NC,37119,Mecklenburg,3,100180,9481,328983
2009,OH,39035,Cuyahoga,10,13598,20217,338150
2009,OH,39049,Franklin,5,86779,6525,466520
2009,OK,40109,Oklahoma,42,182250,7049,7950558
2009,OK,40143,Tulsa,102,31952,78568,11273040
2009,OR,41051,Multnomah,18,14410,6400,374580
2009,PA,42101,Philadelphia,26,23716,8749,844090
2009,SC,45045,Greenville,13,43585,10760,706485
2009,TN,47037,Davidson,63,20058,13826,2134692
2009,TN,47157,Shelby,25,159391,6266,4141425
2009,TX,48029,Bexar,11,5517,9455,164692
2009,TX,48113,Dallas,5,52308,1818,270630
2009,TX,48141,El Paso,13,27265,4842,417391
2009,TX,48201,Harris,229,157126,8055,37826449
2009,TX,48439,Tarrant,5,27258,5000,161290
2009,UT,49035,Salt Lake,8,29797,20021,398544
2009,VA,51059,Fairfax,34,63303,7117,2394280
2009,WA,53033,King,59,54285,23145,4568370
2009,WI,55079,Milwaukee,27,28916,18100,1269432
2010,AL,01073,Jefferson,139,63293,27335,12597292
2010,AL,01097,Mobile,127,96165,12277,13772134
2010,AZ,04013,Maricopa,37,47926,5549,1978575
2010,AR,05119,Pulaski,33,6864,10296,566280
2010,CA,06037,Los Angeles,23,9083,8800,411309
2010,CA,06073,San Diego,28,65951,7270,2050188
2010,CO,08031,Denver,14,100378,22960,1726732
2010,CO,08041,El Paso,22,28249,22156,1108910
2010,FL,12057,Hillsborough,25,167828,12144,4499300
2010,FL,12086,Miami-Dade,136,62102,17251,10792008
2010,FL,12095,Orange,22,16033,19629,784564
2010,GA,13089,DeKalb,26,63370,9310,1889680
2010,IL,17031,Cook,7,12306,11317,165361
2010,IL,17167,Sangamon,10,19125,17335,364600
2010,IN,18097,Marion,87,12530,9722,1935924
2010,IA,19153,Polk,28,51676,7121,1646316
2010,KS,20091,Johnson,60,54079,36202,5416860
2010,KS,20173,Sedgwick,27,8787,13329,597132
2010,LA,22033,East Baton Rouge,120,16524,6947,2816520
2010,LA,22071,Orleans,118,15744,22933,4563886
2010,MI,26081,Kent,4,21091,16845,151744
2010,MN,27003,Anoka,57,193569,9840,11594313
2010,MN,27053,Hennepin,30,8455,4115,377100
2010,MS,28049,Hinds,28,228274,6571,6575660
2010,MO,29095,Jackson,24,91861,20351,2693088
2010,NE,31055,Douglas,9,12695,7854,184941
2010,NV,32003,Clark,3,36908,6924,131496
2010,NJ,34013,Essex,37,10615,15891,980722
2010,NY,36029,Erie,13,15352,5919,276523
2010,NY,36059,Nassau,74,20947,13011,2512892
2010,NY,36103,Suffolk,50,177212,22602,9990700
2010,NC,37119,Mecklenburg,13,9782,11737,279747
2010,OH,39035,Cuyahoga,93,33517,18928,4877385
2010,OH,39049,Franklin,15,21633,7968,444015
2010,OK,40109,Oklahoma,74,37238,17999,4087538
2010,OK,40143,Tulsa,42,28886,13647,1786386
2010,OR,41051,Multnomah,44,116387,26789,6299744
2010,PA,42101,Philadelphia,42,18446,5145,990822
2010,SC,45045,Greenville,10,38429,7315,457440
2010,TN,47037,Davidson,38,222138,7028,8708308
2010,TN,47157,Shelby,8,3403,10069,107776
2010,TX,48029,Bexar,3,30246,7902,114444
2010,TX,48113,Dallas,18,8435,7378,284634
2010,TX,48141,El Paso,47,35656,42573,3676763
2010,TX,48201,Harris,50,16894,8742,1281800
2010,TX,48439,Tarrant,24,90644,5696,2312160
2010,UT,49035,Salt Lake,17,9870,14077,407099
2010,VA,51059,Fairfax,214,18201,3047,4547072
2010,WA,53033,King,10,27100,3249,303490
2010,WI,55079,Milwaukee,3,13108,10908,72048
2011,AL,01073,Jefferson,26,58414,11733,1823822
2011,AL,01097,Mobile,151,15478,2113,2656241
2011,AZ,04013,Maricopa,65,10852,2524,869440
2011,AR,05119,Pulaski,118,13098,5119,2149606
2011,CA,06037,Los Angeles,10,20941,7308,282490
2011,CA,06073,San Diego,13,24682,6701,407979
2011,CO,08031,Denver,17,17157,6094,395267
2011,CO,08041,El Paso,15,35761,23343,886560
2011,FL,12057,Hillsborough,75,74406,13835,6618075
2011,FL,12086,Miami-Dade,78,33181,10295,3391128
2011,FL,12095,Orange,30,5733,34015,1192440
2011,GA,13089,DeKalb,9,33595,8964,383031
2011,IL,17031,Cook,47,31308,5357,1723255
2011,IL,17167,Sangamon,16,53111,7147,964128
2011,IN,18097,Marion,48,56344,34690,4369632
2011,IA,19153,Polk,35,63593,19058,2892785
2011,KS,20091,Johnson,15,32415,6062,577155
2011,KS,20173,Sedgwick,81,40474,29205,5643999
2011,LA,22033,East Baton Rouge,74,68217,8944,5709914
2011,LA,22071,Orleans,196,13186,10064,4557000
2011,MI,26081,Kent,26,99589,9326,2831790
2011,MN,27003,Anoka,38,12571,7897,777784
2011,MN,27053,Hennepin,55,27019,3040,1653245
2011,MS,28049,Hinds,13,23327,7558,401505
2011,MO,29095,Jackson,62,26517,9288,2219910
2011,NE,31055,Douglas,17,44534,6691,870825
2011,NV,32003,Clark,5,11045,7693,93690
2011,NJ,34013,Essex,12,33369,4122,449892
2011,NY,36029,Erie,152,25671,15681,6285504
2011,NY,36059,Nassau,9,40954,12663,482553
2011,NY,36103,Suffolk,24,34912,18220,1275168
2011,NC,37119,Mecklenburg,56,78954,7080,4817904
2011,OH,39035,Cuyahoga,14,52548,4906,804356
2011,OH,39049,Franklin,84,47682,3238,4277280
2011,OK,40109,Oklahoma,33,184379,11228,6455031
2011,OK,40143,Tulsa,68,10048,14590,1675384
2011,OR,41051,Multnomah,17,10128,15705,439161
2011,PA,42101,Philadelphia,85,19505,15760,2997525
2011,SC,45045,Greenville,141,96204,5839,14388063
2011,TN,47037,Davidson,13,6420,3818,133094
2011,TN,47157,Shelby,105,18982,3069,2315355
2011,TX,48029,Bexar,19,63789,7040,1345751
2011,TX,48113,Dallas,11,66439,20504,956373
2011,TX,48141,El Paso,7,18333,3006,149373
2011,TX,48201,Harris,45,7335,7151,651870
2011,TX,48439,Tarrant,21,23641,12777,764778
2011,UT,49035,Salt Lake,39,208251,8624,8458125
2011,VA,51059,Fairfax,24,33409,7832,989784
2011,WA,53033,King,22,109777,6147,2550328
2011,WI,55079,Milwaukee,10,27037,17979,450160
2012,AL,01073,Jefferson,11,6694,4325,121209
2012,AL,01097,Mobile,21,13102,10186,489048
2012,AZ,04013,Maricopa,51,58210,11405,3550365
2012,AR,05119,Pulaski,23,21244,14324,818064
2012,CA,06037,Los Angeles,3,47751,21230,206943
2012,CA,06073,San Diego,97,32746,18063,4928473
2012,CO,08031,Denver,104,18697,33933,5473520
2012,CO,08041,El Paso,2,9759,7981,35480
2012,FL,12057,Hillsborough,646,36056,50777,56094118
2012,FL,12086,Miami-Dade,18,33326,27741,1099206
2012,FL,12095,Orange,431,22816,7276,12969652
2012,GA,13089,DeKalb,44,47235,9085,2478080
2012,IL,17031,Cook,29,9402,30636,1161102
2012,IL,17167,Sangamon,19,11122,5832,322126
2012,IN,18097,Marion,22,13530,4261,391402
2012,IA,19153,Polk,12,15669,3581,231000
2012,KS,20091,Johnson,2,11797,4890,33374
2012,KS,20173,Sedgwick,141,87446,11312,13924878
2012,LA,22033,East Baton Rouge,57,46262,10938,3260400
2012,LA,22071,Orleans,73,15348,30918,3377418
2012,MI,26081,Kent,206,152501,23366,36228602
2012,MN,27003,Anoka,71,39184,9128,3430152
2012,MN,27053,Hennepin,32,47509,10426,1853920
2012,MS,28049,Hinds,10,23696,6455,301510
2012,MO,29095,Jackson,18,46642,3385,900486
2012,NE,31055,Douglas,35,42686,2633,1586165
2012,NV,32003,Clark,66,23861,3596,1812162
2012,NJ,34013,Essex,6,26109,13803,239472
2012,NY,36029,Erie,6,38437,11281,298308
2012,NY,36059,Nassau,63,50747,11933,3948840
2012,NY,36103,Suffolk,96,24600,26617,4916832
2012,NC,37119,Mecklenburg,29,62548,12601,2179321
2012,OH,39035,Cuyahoga,20,23169,12561,714600
2012,OH,39049,Franklin,25,19931,10609,763500
2012,OK,40109,Oklahoma,93,50481,8287,5465424
2012,OK,40143,Tulsa,64,120697,16601,8787072
2012,OR,41051,Multnomah,26,31046,8455,1027026
2012,PA,42101,Philadelphia,7,55896,8694,452130
2012,SC,45045,Greenville,17,9779,11637,364072
2012,TN,47037,Davidson,15,19312,6939,393765
2012,TN,47157,Shelby,22,69071,28589,2148520
2012,TX,48029,Bexar,7,58089,5747,446852
2012,TX,48113,Dallas,7,9492,2844,86352
2012,TX,48141,El Paso,42,12988,7831,874398
2012,TX,48201,Harris,138,67873,11601,10967412
2012,TX,48439,Tarrant,11,11262,10830,243012
2012,UT,49035,Salt Lake,15,29923,11529,621780
2012,VA,51059,Fairfax,49,73748,8047,4007955
2012,WA,53033,King,14,21905,31670,750050
2012,WI,55079,Milwaukee,35,133255,14624,5175765
2013,AL,01073,Jefferson,35,7688,4287,419125
2013,AL,01097,Mobile,155,22003,10340,5013165
2013,AZ,04013,Maricopa,75,66872,13976,6063600
2013,AR,05119,Pulaski,182,56983,3810,11064326
2013,CA,06037,Los Angeles,4,31981,26243,232896
2013,CA,06073,San Diego,100,38773,17396,5616900
2013,CO,08031,Denver,34,164329,5689,5780612
2013,CO,08041,El Paso,25,13889,15935,745600
2013,FL,12057,Hillsborough,25,67188,10314,1937550
2013,FL,12086,Miami-Dade,24,33218,10354,1045728
2013,FL,12095,Orange,9,101705,10007,1005408
2013,GA,13089,DeKalb,158,24996,14678,6268492
2013,IL,17031,Cook,55,51043,22245,4030840
2013,IL,17167,Sangamon,17,16888,5122,374170
2013,IN,18097,Marion,163,31534,7033,6286421
2013,IA,19153,Polk,4,33370,17219,202356
2013,KS,20091,Johnson,23,6525,5425,274850
2013,KS,20173,Sedgwick,28,49292,20931,1966244
2013,LA,22033,East Baton Rouge,16,26082,8299,550096
2013,LA,22071,Orleans,71,13155,4241,1235116
2013,MI,26081,Kent,53,48821,5152,2860569
2013,MN,27003,Anoka,5,61364,13052,372080
2013,MN,27053,Hennepin,41,81792,4903,3554495
2013,MS,28049,Hinds,17,17279,3318,350149
2013,MO,29095,Jackson,42,38325,17759,2355528
2013,NE,31055,Douglas,46,107148,40242,6779940
2013,NV,32003,Clark,53,64016,23081,4616141
2013,NJ,34013,Essex,62,80103,13509,5803944
2013,NY,36029,Erie,1,39518,8905,48423
2013,NY,36059,Nassau,47,12269,6349,875046
2013,NY,36103,Suffolk,19,29258,16780,874722
2013,NC,37119,Mecklenburg,37,74068,6951,2997703
2013,OH,39035,Cuyahoga,25,67346,7346,1867300
2013,OH,39049,Franklin,11,81423,9355,998558
2013,OK,40109,Oklahoma,12,53883,16326,842508
2013,OK,40143,Tulsa,29,18162,14456,945922
2013,OR,41051,Multnomah,20,9300,3795,261900
2013,PA,42101,Philadelphia,27,25599,16883,1147014
2013,SC,45045,Greenville,15,19820,9136,434340
2013,TN,47037,Davidson,128,63274,3960,8605952
2013,TN,47157,Shelby,21,34044,4041,799785
2013,TX,48029,Bexar,7,15936,2763,130893
2013,TX,48113,Dallas,36,16572,21789,1380996
2013,TX,48141,El Paso,10,97586,2135,997210
2013,TX,48201,Harris,192,60445,4524,12474048
2013,TX,48439,Tarrant,11,41282,13897,606969
2013,UT,49035,Salt Lake,40,24939,6177,1244640
2013,VA,51059,Fairfax,176,23982,22939,8258096
2013,WA,53033,King,12,18837,16357,422328
2013,WI,55079,Milwaukee,3,37705,6977,134046
2014,AL,01073,Jefferson,20,64752,6866,1432360
2014,AL,01097,Mobile,283,9091,17765,7600248
2014,AZ,04013,Maricopa,7,11608,11542,162050
2014,AR,05119,Pulaski,77,40023,12428,4038727
2014,CA,06037,Los Angeles,4,8946,24859,135220
2014,CA,06073,San Diego,40,60943,9167,2804400
2014,CO,08031,Denver,49,45542,7458,2597000
2014,CO,08041,El Paso,23,15817,7763,542340
2014,FL,12057,Hillsborough,64,49887,6236,3591872
2014,FL,12086,Miami-Dade,56,39223,3161,2373504
2014,FL,12095,Orange,17,53745,7354,1038683
2014,GA,13089,DeKalb,32,39726,8354,1538560
2014,IL,17031,Cook,26,37611,14474,1354210
2014,IL,17167,Sangamon,8,48879,6599,443824
2014,IN,18097,Marion,43,12193,6284,794511
2014,IA,19153,Polk,13,17387,6099,305318
2014,KS,20091,Johnson,35,37571,21632,2072105
2014,KS,20173,Sedgwick,4,90986,10534,406080
2014,LA,22033,East Baton Rouge,429,20053,7602,11863995
2014,LA,22071,Orleans,58,134524,7938,8262796
2014,MI,26081,Kent,37,8001,10365,679542
2014,MN,27003,Anoka,17,91181,19449,1880710
2014,MN,27053,Hennepin,44,13660,23827,1649428
2014,MS,28049,Hinds,76,15130,6558,1648288
2014,MO,29095,Jackson,371,34698,11004,16955442
2014,NE,31055,Douglas,47,13388,3767,806285
2014,NV,32003,Clark,18,12219,6880,343782
2014,NJ,34013,Essex,24,19052,6508,613440
2014,NY,36029,Erie,6,74642,6619,487566
2014,NY,36059,Nassau,14,36578,19578,786184
2014,NY,36103,Suffolk,42,27513,2747,1270920
2014,NC,37119,Mecklenburg,65,86426,9177,6214195
2014,OH,39035,Cuyahoga,72,57617,21115,5668704
2014,OH,39049,Franklin,61,14136,7979,1349015
2014,OK,40109,Oklahoma,32,6448,28431,1116128
2014,OK,40143,Tulsa,89,47323,15327,5575850
2014,OR,41051,Multnomah,33,27737,7486,1162359
2014,PA,42101,Philadelphia,52,31910,8972,2125864
2014,SC,45045,Greenville,22,16033,8871,547888
2014,TN,47037,Davidson,17,19595,6846,449497
2014,TN,47157,Shelby,45,12472,7621,904185
2014,TX,48029,Bexar,53,162998,8336,9080702
2014,TX,48113,Dallas,38,37941,22221,2286156
2014,TX,48141,El Paso,41,56979,7786,2655365
2014,TX,48201,Harris,31,21860,9938,985738
2014,TX,48439,Tarrant,7,14216,6967,148281
2014,UT,49035,Salt Lake,10,19314,12257,315710
2014,VA,51059,Fairfax,46,15201,30876,2119542
2014,WA,53033,King,7,55198,26955,575071
2014,WI,55079,Milwaukee,35,19665,3101,796810
2015,AL,01073,Jefferson,41,93816,8948,4213324
2015,AL,01097,Mobile,287,25914,17126,12352480
2015,AZ,04013,Maricopa,44,72799,21552,4151444
2015,AR,05119,Pulaski,221,19173,7645,5926778
2015,CA,06037,Los Angeles,21,66814,12413,1663767
2015,CA,06073,San Diego,14,31624,10060,583576
2015,CO,08031,Denver,114,13286,1227,1654482
2015,CO,08041,El Paso,43,113390,10736,5337418
2015,FL,12057,Hillsborough,237,12547,22703,8354250
2015,FL,12086,Miami-Dade,212,16963,7549,5196544
2015,FL,12095,Orange,60,20956,11405,1941660
2015,GA,13089,DeKalb,20,43583,19070,1253060
2015,IL,17031,Cook,28,11406,9575,587468
2015,IL,17167,Sangamon,1,43605,9447,53052
2015,IN,18097,Marion,90,94194,7263,9131130
2015,IA,19153,Polk,50,36548,27718,3213300
2015,KS,20091,Johnson,19,59026,19182,1485952
2015,KS,20173,Sedgwick,61,36039,3427,2407426
2015,LA,22033,East Baton Rouge,12,71894,8343,962844
2015,LA,22071,Orleans,85,43722,2866,3959980
2015,MI,26081,Kent,25,21709,6757,711650
2015,MN,27003,Anoka,51,40367,12321,2687088
2015,MN,27053,Hennepin,72,34665,4905,2849040
2015,MS,28049,Hinds,23,18404,6966,583510
2015,MO,29095,Jackson,15,9725,10826,308265
2015,NE,31055,Douglas,18,21144,6488,497376
2015,NV,32003,Clark,16,48516,9633,930384
2015,NJ,34013,Essex,6,49251,6757,336048
2015,NY,36029,Erie,26,9919,42733,1368952
2015,NY,36059,Nassau,11,18933,28943,526636
2015,NY,36103,Suffolk,12,37543,22501,720528
2015,NC,37119,Mecklenburg,214,27671,9135,7876484
2015,OH,39035,Cuyahoga,65,23882,9592,2175810
2015,OH,39049,Franklin,20,39606,11448,1021080
2015,OK,40109,Oklahoma,70,70245,3699,5176080
2015,OK,40143,Tulsa,25,28215,4037,806300
2015,OR,41051,Multnomah,17,41054,13427,926177
2015,PA,42101,Philadelphia,87,58310,5344,5537898
2015,SC,45045,Greenville,6,66120,17318,500628
2015,TN,47037,Davidson,16,29547,9995,632672
2015,TN,47157,Shelby,3,75417,4668,240255
2015,TX,48029,Bexar,52,16342,23145,2053324
2015,TX,48113,Dallas,7,13936,21095,245217
2015,TX,48141,El Paso,59,42016,16303,3440821
2015,TX,48201,Harris,145,51598,16250,9837960
2015,TX,48439,Tarrant,44,12202,1979,623964
2015,UT,49035,Salt Lake,28,52865,13190,1849540
2015,VA,51059,Fairfax,69,61255,12917,5117868
2015,WA,53033,King,52,105639,4151,5709080
2015,WI,55079,Milwaukee,58,37392,5506,2488084
2016,AL,01073,Jefferson,9,44499,5804,452727
2016,AL,01097,Mobile,423,19972,11314,13233978
2016,AZ,04013,Maricopa,59,50823,24688,4455149
2016,AR,05119,Pulaski,13,82579,1262,1089933
2016,CA,06037,Los Angeles,12,15857,11200,324684
2016,CA,06073,San Diego,19,61048,3387,1224265
2016,CO,08031,Denver,38,83573,9070,3520434
2016,CO,08041,El Paso,3,10261,7934,54585
2016,FL,12057,Hillsborough,72,63611,8740,5209272
2016,FL,12086,Miami-Dade,125,27852,10103,4744375
2016,FL,12095,Orange,747,27331,17978,33845823
2016,GA,13089,DeKalb,74,54491,17998,5364186
2016,IL,17031,Cook,65,66097,18569,5503290
2016,IL,17167,Sangamon,10,36180,8145,443250
2016,IN,18097,Marion,118,210051,11921,26192696
2016,IA,19153,Polk,8,33852,3854,301648
2016,KS,20091,Johnson,51,24783,10996,1824729
2016,KS,20173,Sedgwick,40,75634,9445,3403160
2016,LA,22033,East Baton Rouge,166,37224,11873,8150102
2016,LA,22071,Orleans,72,86727,46073,9561600
2016,MI,26081,Kent,2,41470,17976,118892
2016,MN,27003,Anoka,7,137664,20438,1106714
2016,MN,27053,Hennepin,13,22805,6746,384163
2016,MS,28049,Hinds,20,40834,11673,1050140
2016,MO,29095,Jackson,18,46114,16043,1118826
2016,NE,31055,Douglas,10,27547,15814,433610
2016,NV,32003,Clark,51,169909,9949,9172758
2016,NJ,34013,Essex,22,66256,12865,1740662
2016,NY,36029,Erie,14,62028,5241,941766
2016,NY,36059,Nassau,37,8625,9140,657305
2016,NY,36103,Suffolk,61,40840,9720,3084160
2016,NC,37119,Mecklenburg,27,62985,4797,1830114
2016,OH,39035,Cuyahoga,28,11189,1837,364728
2016,OH,39049,Franklin,17,23715,4892,486319
2016,OK,40109,Oklahoma,7,63968,3796,474348
2016,OK,40143,Tulsa,54,20102,23226,2339712
2016,OR,41051,Multnomah,52,107154,12294,6211296
2016,PA,42101,Philadelphia,38,53106,7464,2301660
2016,SC,45045,Greenville,8,20624,24696,362560
2016,TN,47037,Davidson,23,40557,11328,1193355
2016,TN,47157,Shelby,27,115092,13543,3473145
2016,TX,48029,Bexar,7,21520,75266,677502
2016,TX,48113,Dallas,25,30498,2056,813850
2016,TX,48141,El Paso,24,34070,10184,1062096
2016,TX,48201,Harris,130,40612,10778,6680700
2016,TX,48439,Tarrant,72,37201,10183,3411648
2016,UT,49035,Salt Lake,21,73028,42805,2432493
2016,VA,51059,Fairfax,75,17381,55845,5491950
2016,WA,53033,King,4,22495,10359,131416
2016,WI,55079,Milwaukee,74,15304,6204,1591592
2017,AL,01073,Jefferson,13,92799,7512,1304043
2017,AL,01097,Mobile,51,42619,14478,2911947
2017,AZ,04013,Maricopa,106,12337,3640,1693562
2017,AR,05119,Pulaski,44,23906,18823,1880076
2017,CA,06037,Los Angeles,7,71756,16555,618177
2017,CA,06073,San Diego,66,52106,19940,4755036
2017,CO,08031,Denver,6,37434,13905,308034
2017,CO,08041,El Paso,91,14718,16381,2830009
2017,FL,12057,Hillsborough,139,50372,9751,8357097
2017,FL,12086,Miami-Dade,85,45530,16899,5306465
2017,FL,12095,Orange,146,64120,6302,10281612
2017,GA,13089,DeKalb,3,26341,24501,152526
2017,IL,17031,Cook,8,23843,11115,279664
2017,IL,17167,Sangamon,214,97807,15844,24321314
2017,IN,18097,Marion,7,85671,12870,689787
2017,IA,19153,Polk,2,22421,20331,85504
2017,KS,20091,Johnson,39,252938,3420,9997962
2017,KS,20173,Sedgwick,32,72673,7573,2567872
2017,LA,22033,East Baton Rouge,34,45021,6213,1741956
2017,LA,22071,Orleans,162,35104,9151,7169310
2017,MI,26081,Kent,33,15481,3309,620070
2017,MN,27003,Anoka,18,37566,4848,763452
2017,MN,27053,Hennepin,148,80194,6709,12861644
2017,MS,28049,Hinds,18,18552,7159,462798
2017,MO,29095,Jackson,307,65156,22079,26781145
2017,NE,31055,Douglas,88,18038,5142,2039840
2017,NV,32003,Clark,23,33983,13170,1084519
2017,NJ,34013,Essex,24,49184,13685,1508856
2017,NY,36029,Erie,76,88080,829,6757084
2017,NY,36059,Nassau,4,75100,10848,343792
2017,NY,36103,Suffolk,4,64857,5475,281328
2017,NC,37119,Mecklenburg,198,29526,6917,7215714
2017,OH,39035,Cuyahoga,46,143666,5453,6859474
2017,OH,39049,Franklin,161,53724,11692,10531976
2017,OK,40109,Oklahoma,484,15725,6882,10941788
2017,OK,40143,Tulsa,24,5219,4481,232800
2017,OR,41051,Multnomah,31,65376,32496,3034032
2017,PA,42101,Philadelphia,25,53326,10948,1606850
2017,SC,45045,Greenville,81,10154,16117,2127951
2017,TN,47037,Davidson,149,356076,13405,55052669
2017,TN,47157,Shelby,25,46251,2230,1212025
2017,TX,48029,Bexar,9,38736,7478,415926
2017,TX,48113,Dallas,6,50033,26667,460200
2017,TX,48141,El Paso,33,51587,3495,1817706
2017,TX,48201,Harris,365,16568,10808,9992240
2017,TX,48439,Tarrant,2,60352,6322,133348
2017,UT,49035,Salt Lake,34,64373,6431,2407336
2017,VA,51059,Fairfax,71,8977,23775,2325392
2017,WA,53033,King,53,11733,9461,1123282
2017,WI,55079,Milwaukee,15,12514,24925,561585
2018,AL,01073,Jefferson,14,18261,6147,341712
2018,AL,01097,Mobile,60,12562,28527,2465340
2018,AZ,04013,Maricopa,36,105151,15730,4351716
2018,AR,05119,Pulaski,28,210854,12086,6242320
2018,CA,06037,Los Angeles,59,5629,5317,645814
2018,CA,06073,San Diego,15,41240,24742,989730
2018,CO,08031,Denver,66,54349,17228,4724082
2018,CO,08041,El Paso,26,304232,14258,8280740
2018,FL,12057,Hillsborough,43,99431,6473,4553872
2018,FL,12086,Miami-Dade,275,21566,8475,8261275
2018,FL,12095,Orange,105,188150,6221,20408955
2018,GA,13089,DeKalb,40,48430,12815,2449800
2018,IL,17031,Cook,36,15495,15357,1110672
2018,IL,17167,Sangamon,22,61316,11532,1602656
2018,IN,18097,Marion,749,204001,6272,157494477
2018,IA,19153,Polk,9,37214,13546,456840
2018,KS,20091,Johnson,84,72302,19995,7752948
2018,KS,20173,Sedgwick,58,51816,10868,3635672
2018,LA,22033,East Baton Rouge,10,72834,16032,888660
2018,LA,22071,Orleans,65,157140,13612,11098880
2018,MI,26081,Kent,69,20785,8064,1990581
2018,MN,27003,Anoka,19,77413,15237,1760350
2018,MN,27053,Hennepin,65,32775,19211,3379090
2018,MS,28049,Hinds,36,56260,18585,2694420
2018,MO,29095,Jackson,17,34042,11356,771766
2018,NE,31055,Douglas,22,63585,8764,1591678
2018,NV,32003,Clark,124,29634,11694,5124672
2018,NJ,34013,Essex,62,27147,6212,2068258
2018,NY,36029,Erie,66,77479,15633,6145392
2018,NY,36059,Nassau,33,157453,11525,5576274
2018,NY,36103,Suffolk,5,85890,3853,448715
2018,NC,37119,Mecklenburg,7,46233,8394,382389
2018,OH,39035,Cuyahoga,30,25126,4997,903690
2018,OH,39049,Franklin,4,11484,2936,57680
2018,OK,40109,Oklahoma,6,44825,8462,319722
2018,OK,40143,Tulsa,27,22084,10498,879714
2018,OR,41051,Multnomah,239,58907,16842,18104011
2018,PA,42101,Philadelphia,43,46821,31645,3374038
2018,SC,45045,Greenville,252,78161,11782,22665636
2018,TN,47037,Davidson,24,94980,28026,2952144
2018,TN,47157,Shelby,50,67152,5213,3618250
2018,TX,48029,Bexar,2,23207,7654,61722
2018,TX,48113,Dallas,85,25294,5818,2644520
2018,TX,48141,El Paso,33,90421,4609,3135990
2018,TX,48201,Harris,50,32795,7611,2020300
2018,TX,48439,Tarrant,27,13818,3778,475092
2018,UT,49035,Salt Lake,26,25457,4164,770146
2018,VA,51059,Fairfax,8,28420,1299,237752
2018,WA,53033,King,48,23007,16628,1902480
2018,WI,55079,Milwaukee,32,33707,15311,1568576
2019,AL,01073,Jefferson,28,99651,2241,2852976
2019,AL,01097,Mobile,27,57263,9346,1798443
2019,AZ,04013,Maricopa,109,33783,5743,4308334
2019,AR,05119,Pulaski,68,27727,29900,3918636
2019,CA,06037,Los Angeles,5,117236,14583,659095
2019,CA,06073,San Diego,19,64569,11026,1436305
2019,CO,08031,Denver,6,87500,13450,605700
2019,CO,08041,El Paso,8,19932,5700,205056
2019,FL,12057,Hillsborough,84,12441,9231,1820448
2019,FL,12086,Miami-Dade,70,38613,3930,2978010
2019,FL,12095,Orange,286,6528,9556,4600024
2019,GA,13089,DeKalb,10,65113,23704,888170
2019,IL,17031,Cook,2,13161,12389,51100
2019,IL,17167,Sangamon,40,21885,8138,1200920
2019,IN,18097,Marion,14,37758,3018,570864
2019,IA,19153,Polk,54,140150,27977,9078858
2019,KS,20091,Johnson,30,81158,3591,2542470
2019,KS,20173,Sedgwick,83,23224,26597,4135143
2019,LA,22033,East Baton Rouge,136,36267,10769,6396896
2019,LA,22071,Orleans,470,67518,5294,34221640
2019,MI,26081,Kent,4,38663,5974,178548
2019,MN,27003,Anoka,14,23679,5842,413294
2019,MN,27053,Hennepin,33,44050,23753,2237499
2019,MS,28049,Hinds,4,29522,1898,125680
2019,MO,29095,Jackson,4,13019,7171,80760
2019,NE,31055,Douglas,35,72617,21626,3298505
2019,NV,32003,Clark,6,108756,7276,696192
2019,NJ,34013,Essex,7,43998,4166,337148
2019,NY,36029,Erie,431,13048,3046,6936514
2019,NY,36059,Nassau,260,35796,11508,12299040
2019,NY,36103,Suffolk,33,39625,2452,1388541
2019,NC,37119,Mecklenburg,23,15295,25532,939021
2019,OH,39035,Cuyahoga,93,10014,7670,1644612
2019,OH,39049,Franklin,39,54660,6258,2375802
2019,OK,40109,Oklahoma,10,64211,36084,1002950
2019,OK,40143,Tulsa,52,58688,2404,3176784
2019,OR,41051,Multnomah,4,54505,7334,247356
2019,PA,42101,Philadelphia,40,13049,11384,977320
2019,SC,45045,Greenville,74,26289,18969,3349092
2019,TN,47037,Davidson,36,22457,11364,1217556
2019,TN,47157,Shelby,54,21537,6682,1523826
2019,TX,48029,Bexar,14,15734,2036,248780
2019,TX,48113,Dallas,3,34110,10729,134517
2019,TX,48141,El Paso,31,37938,6139,1366387
2019,TX,48201,Harris,43,7295,20203,1182414
2019,TX,48439,Tarrant,24,22763,8366,747096
2019,UT,49035,Salt Lake,42,27978,15364,1820364
2019,VA,51059,Fairfax,11,153049,3711,1724360
2019,WA,53033,King,8,41495,2222,349736
2019,WI,55079,Milwaukee,84,10697,14920,2151828
2020,AL,01073,Jefferson,9,13682,11687,228321
2020,AL,01097,Mobile,164,19871,10658,5006756
2020,AZ,04013,Maricopa,7,9363,22119,220374
2020,AR,05119,Pulaski,36,13482,7255,746532
2020,CA,06037,Los Angeles,65,35554,16571,3388125
2020,CA,06073,San Diego,10,20808,2999,238070
2020,CO,08031,Denver,4,28430,7008,141752
2020,CO,08041,El Paso,54,273697,17291,15713352
2020,FL,12057,Hillsborough,139,49830,12263,8630927
2020,FL,12086,Miami-Dade,395,52068,8731,24015605
2020,FL,12095,Orange,155,23116,10499,5210325
2020,GA,13089,DeKalb,14,45858,29942,1061200
2020,IL,17031,Cook,93,10783,9299,1867626
2020,IL,17167,Sangamon,43,37992,9439,2039533
2020,IN,18097,Marion,73,75958,24278,7317228
2020,IA,19153,Polk,53,159957,9939,9004488
2020,KS,20091,Johnson,20,41067,23360,1288540
2020,KS,20173,Sedgwick,12,29911,11188,493188
2020,LA,22033,East Baton Rouge,291,42008,18456,17595024
2020,LA,22071,Orleans,53,118482,15269,7088803
2020,MI,26081,Kent,35,109601,10414,4200525
2020,MN,27003,Anoka,36,38580,2948,1495008
2020,MN,27053,Hennepin,31,47491,2907,1562338
2020,MS,28049,Hinds,21,52264,5091,1204455
2020,MO,29095,Jackson,33,21506,61370,2734908
2020,NE,31055,Douglas,60,29125,8388,2250780
2020,NV,32003,Clark,25,39426,4604,1100750
2020,NJ,34013,Essex,117,52192,8342,7082478
2020,NY,36029,Erie,39,40005,8546,1893489
2020,NY,36059,Nassau,50,25526,6737,1613150
2020,NY,36103,Suffolk,84,63469,10362,6201804
2020,NC,37119,Mecklenburg,29,22908,10190,959842
2020,OH,39035,Cuyahoga,14,9443,9457,264600
2020,OH,39049,Franklin,5,12344,26689,195165
2020,OK,40109,Oklahoma,4,88241,13320,406244
2020,OK,40143,Tulsa,55,41046,38851,4394335
2020,OR,41051,Multnomah,14,14489,21572,504854
2020,PA,42101,Philadelphia,104,7184,6633,1436968
2020,SC,45045,Greenville,56,28240,13552,2340352
2020,TN,47037,Davidson,86,101224,14513,9953382
2020,TN,47157,Shelby,64,32389,41702,4741824
2020,TX,48029,Bexar,21,36663,31838,1438521
2020,TX,48113,Dallas,20,38151,14254,1048100
2020,TX,48141,El Paso,48,36058,4649,1953936
2020,TX,48201,Harris,57,44341,10157,3106386
2020,TX,48439,Tarrant,18,17375,11646,522378
2020,UT,49035,Salt Lake,15,74292,8149,1236615
2020,VA,51059,Fairfax,181,44544,56183,18231587
2020,WA,53033,King,56,63065,3677,3737552
2020,WI,55079,Milwaukee,88,81332,14901,8468504
2021,AL,01073,Jefferson,91,27706,14677,3856853
2021,AL,01097,Mobile,125,20212,9340,3694000
2021,AZ,04013,Maricopa,7,26534,14002,283752
2021,AR,05119,Pulaski,17,41065,5422,790279
2021,CA,06037,Los Angeles,26,20404,5455,672334
2021,CA,06073,San Diego,31,84438,8966,2895524
2021,CO,08031,Denver,11,102388,7851,1212629
2021,CO,08041,El Paso,17,40281,8077,822086
2021,FL,12057,Hillsborough,25,45208,10696,1397600
2021,FL,12086,Miami-Dade,139,37265,6390,6068045
2021,FL,12095,Orange,47,90547,4154,4450947
2021,GA,13089,DeKalb,21,10218,2976,277074
2021,IL,17031,Cook,33,60104,4066,2117610
2021,IL,17167,Sangamon,28,47802,34883,2315180
2021,IN,18097,Marion,69,12221,5392,1215297
2021,IA,19153,Polk,40,40477,6786,1890520
2021,KS,20091,Johnson,20,66376,4742,1422360
2021,KS,20173,Sedgwick,57,21328,5146,1509018
2021,LA,22033,East Baton Rouge,204,7321,3786,2265828
2021,LA,22071,Orleans,109,55749,21914,8465267
2021,MI,26081,Kent,31,101608,27557,4004115
2021,MN,27003,Anoka,19,13342,5482,357656
2021,MN,27053,Hennepin,24,33172,9290,1019088
2021,MS,28049,Hinds,24,47803,9589,1377408
2021,MO,29095,Jackson,14,48300,4814,743596
2021,NE,31055,Douglas,21,8960,4795,288855
2021,NV,32003,Clark,7,94942,7630,718004
2021,NJ,34013,Essex,25,99035,7523,2663950
2021,NY,36029,Erie,10,76184,6836,830200
2021,NY,36059,Nassau,14,20434,12867,466214
2021,NY,36103,Suffolk,17,27345,2316,504237
2021,NC,37119,Mecklenburg,17,42843,5000,813331
2021,OH,39035,Cuyahoga,104,53874,28707,8588424
2021,OH,39049,Franklin,11,102952,7255,1212277
2021,OK,40109,Oklahoma,80,25665,19726,3631280
2021,OK,40143,Tulsa,40,46995,35012,3280280
2021,OR,41051,Multnomah,50,17875,3113,1049400
2021,PA,42101,Philadelphia,249,33226,5226,9574548
2021,SC,45045,Greenville,40,52674,10075,2509960
2021,TN,47037,Davidson,2,176728,18393,390242
2021,TN,47157,Shelby,18,28858,8929,680166
2021,TX,48029,Bexar,46,13079,16189,1346328
2021,TX,48113,Dallas,38,37977,9343,1798160
2021,TX,48141,El Paso,6,24032,7800,190992
2021,TX,48201,Harris,118,33328,8240,4905024
2021,TX,48439,Tarrant,12,23579,7239,369816
2021,UT,49035,Salt Lake,38,11310,3161,549898
2021,VA,51059,Fairfax,406,37126,14403,20920774
2021,WA,53033,King,177,44969,3272,8538657
2021,WI,55079,Milwaukee,20,80665,30502,2223340
2022,AL,01073,Jefferson,55,87651,10204,5382025
2022,AL,01097,Mobile,176,36094,3812,7023456
2022,AZ,04013,Maricopa,76,95904,19263,8752692
2022,AR,05119,Pulaski,117,36685,4457,4813614
2022,CA,06037,Los Angeles,4,26644,15175,167276
2022,CA,06073,San Diego,11,43693,5423,540276
2022,CO,08031,Denver,5,6416,9719,80675
2022,CO,08041,El Paso,55,50046,11781,3400485
2022,FL,12057,Hillsborough,66,13608,7168,1371216
2022,FL,12086,Miami-Dade,86,102495,25828,11035778
2022,FL,12095,Orange,135,40300,12129,7077915
2022,GA,13089,DeKalb,17,36551,8420,764507
2022,IL,17031,Cook,58,103963,3022,6205130
2022,IL,17167,Sangamon,13,59793,7002,868335
2022,IN,18097,Marion,9,72565,11642,757863
2022,IA,19153,Polk,29,73183,10423,2424574
2022,KS,20091,Johnson,49,18752,4603,1144395
2022,KS,20173,Sedgwick,6,134803,9090,863358
2022,LA,22033,East Baton Rouge,241,16894,29040,11070094
2022,LA,22071,Orleans,83,45274,5879,4245699
2022,MI,26081,Kent,40,49982,7148,2285200
2022,MN,27003,Anoka,32,61284,4832,2115712
2022,MN,27053,Hennepin,11,14562,9731,267223
2022,MS,28049,Hinds,27,50664,5123,1506249
2022,MO,29095,Jackson,22,55709,17399,1608376
2022,NE,31055,Douglas,117,23224,4261,3215745
2022,NV,32003,Clark,34,47591,30134,2642650
2022,NJ,34013,Essex,35,71280,6186,2711310
2022,NY,36029,Erie,40,32402,12962,1814560
2022,NY,36059,Nassau,33,22916,22070,1484538
2022,NY,36103,Suffolk,42,20088,2176,935088
2022,NC,37119,Mecklenburg,9,18422,4973,210555
2022,OH,39035,Cuyahoga,54,7425,7904,827766
2022,OH,39049,Franklin,57,25241,14447,2262216
2022,OK,40109,Oklahoma,16,43467,7347,813024
2022,OK,40143,Tulsa,20,20617,2308,458500
2022,OR,41051,Multnomah,21,64106,4547,1441713
2022,PA,42101,Philadelphia,39,61833,2335,2502552
2022,SC,45045,Greenville,43,37176,15848,2280032
2022,TN,47037,Davidson,9,68301,2029,632970
2022,TN,47157,Shelby,30,236514,18867,7661430
2022,TX,48029,Bexar,963,75579,4549,77163264
2022,TX,48113,Dallas,40,45872,15143,2440600
2022,TX,48141,El Paso,44,23671,7337,1364352
2022,TX,48201,Harris,80,39995,3915,3512800
2022,TX,48439,Tarrant,236,19251,3247,5309528
2022,UT,49035,Salt Lake,256,4016,12813,4308224
2022,VA,51059,Fairfax,26,33377,3989,971516
2022,WA,53033,King,15,3855,24028,418245
2022,WI,55079,Milwaukee,247,65784,3089,17011631
2023,AL,01073,Jefferson,22,29761,16778,1023858
2023,AL,01097,Mobile,77,32761,6018,2985983
2023,AZ,04013,Maricopa,15,3673,6385,150870
2023,AR,05119,Pulaski,184,18718,10733,5418984
2023,CA,06037,Los Angeles,10,35118,4320,394380
2023,CA,06073,San Diego,27,96717,15645,3033774
2023,CO,08031,Denver,87,36815,17004,4682253
2023,CO,08041,El Paso,16,32665,5855,616320
2023,FL,12057,Hillsborough,119,17422,10964,3377934
2023,FL,12086,Miami-Dade,151,24146,8190,4882736
2023,FL,12095,Orange,178,55892,2912,10467112
2023,GA,13089,DeKalb,14,44628,12085,793982
2023,IL,17031,Cook,35,12449,10695,810040
2023,IL,17167,Sangamon,17,111907,20064,2243507
2023,IN,18097,Marion,92,158294,41791,18407820
2023,IA,19153,Polk,81,40688,4415,3653343
2023,KS,20091,Johnson,11,220535,4824,2478949
2023,KS,20173,Sedgwick,40,64881,6019,2836000
2023,LA,22033,East Baton Rouge,232,75102,14204,20718992
2023,LA,22071,Orleans,270,33292,16907,13553730
2023,MI,26081,Kent,7,21694,5740,192038
2023,MN,27003,Anoka,70,34682,7242,2934680
2023,MN,27053,Hennepin,45,65026,7672,3271410
2023,MS,28049,Hinds,70,43754,22534,4640160
2023,MO,29095,Jackson,7,15846,4779,144375
2023,NE,31055,Douglas,44,5284,2462,340824
2023,NV,32003,Clark,24,40346,2079,1018200
2023,NJ,34013,Essex,7,14497,9297,166558
2023,NY,36029,Erie,15,23802,4032,417510
2023,NY,36059,Nassau,72,67312,12811,5768856
2023,NY,36103,Suffolk,16,21909,7932,477456
2023,NC,37119,Mecklenburg,6,51182,8225,356442
2023,OH,39035,Cuyahoga,12,22672,5779,341412
2023,OH,39049,Franklin,28,150192,14683,4616500
2023,OK,40109,Oklahoma,59,27632,3200,1819088
2023,OK,40143,Tulsa,25,47109,8760,1396725
2023,OR,41051,Multnomah,122,29464,7278,4482524
2023,PA,42101,Philadelphia,21,36504,26886,1331190
2023,SC,45045,Greenville,12,210013,7353,2608392
2023,TN,47037,Davidson,58,72592,3539,4415598
2023,TN,47157,Shelby,18,89233,13326,1846062
2023,TX,48029,Bexar,97,5914,10848,1625914
2023,TX,48113,Dallas,4,3651,13225,67504
2023,TX,48141,El Paso,15,64826,12802,1164420
2023,TX,48201,Harris,494,25450,27857,26333658
2023,TX,48439,Tarrant,6,51992,4146,336828
2023,UT,49035,Salt Lake,19,80464,5859,1640137
2023,VA,51059,Fairfax,42,51507,8900,2537094
2023,WA,53033,King,4,52313,3884,224788
2023,WI,55079,Milwaukee,52,42515,14496,2964572
