event_id,year,state,county_fips,county_name,event_type,wind_speed_mph,hail_size_inches,flood_depth_feet,storm_duration_hours,property_damage_usd
NOAA20000109706,2000,AL,1097,Mobile,Flash Flood,63.4,0.0,3.18,5.8,16673
NOAA20000511908,2000,AR,5119,Pulaski,Thunderstorm Wind,97.0,0.0,0.0,5.1,4437
NOAA20000511909,2000,AR,5119,Pulaski,Thunderstorm Wind,86.0,0.0,0.0,2.1,12790
NOAA20000401304,2000,AZ,4013,Maricopa,Winter Storm,36.6,0.0,0.0,1.7,93323
NOAA20000603706,2000,CA,6037,Los Angeles,Wildfire,48.4,0.0,0.0,1.4,4900
NOAA20000607303,2000,CA,6073,San Diego,Winter Storm,14.3,0.0,0.0,1.7,20602
NOAA20000803104,2000,CO,8031,Denver,Thunderstorm Wind,49.0,0.0,0.0,0.8,50801
NOAA20000803108,2000,CO,8031,Denver,Thunderstorm Wind,81.1,0.0,0.0,4.5,43075
NOAA20001205701,2000,FL,12057,Hillsborough,Hurricane (Typhoon),88.0,0.0,4.07,9.1,69614
NOAA20001205703,2000,FL,12057,Hillsborough,Flash Flood,109.4,0.0,1.83,2.7,121670
NOAA20001208600,2000,FL,12086,Miami-Dade,Hurricane (Typhoon),151.8,0.0,3.4,7.1,33173
NOAA20001308900,2000,GA,13089,DeKalb,Thunderstorm Wind,75.7,0.0,0.0,10.6,14133
NOAA20001915304,2000,IA,19153,Polk,Hail,60.1,1.99,0.0,1.8,123491
NOAA20001703102,2000,IL,17031,Cook,Flash Flood,59.0,0.0,0.0,12.0,34619
NOAA20001703103,2000,IL,17031,Cook,Flash Flood,46.6,0.0,0.52,1.9,11355
NOAA20001716702,2000,IL,17167,Sangamon,Thunderstorm Wind,58.2,0.0,0.0,8.6,7966
NOAA20001809700,2000,IN,18097,Marion,Thunderstorm Wind,61.1,0.0,0.0,6.8,9243
NOAA20001809704,2000,IN,18097,Marion,Tornado,80.2,1.97,0.0,5.9,20417
NOAA20002017306,2000,KS,20173,Sedgwick,Hail,74.9,2.44,0.0,6.6,72034
NOAA20002203306,2000,LA,22033,East Baton Rouge,Flash Flood,82.3,0.0,3.16,10.5,133649
NOAA20002608106,2000,MI,26081,Kent,Flash Flood,37.5,0.0,1.15,5.3,4379
NOAA20002705300,2000,MN,27053,Hennepin,Thunderstorm Wind,73.8,0.0,0.0,9.3,22548
NOAA20002705304,2000,MN,27053,Hennepin,Tornado,68.8,0.88,0.0,10.2,9514
NOAA20002705305,2000,MN,27053,Hennepin,Tornado,94.0,1.58,0.0,9.1,3508
NOAA20002909501,2000,MO,29095,Jackson,Tornado,74.9,1.37,0.0,8.6,53430
NOAA20002909502,2000,MO,29095,Jackson,Hail,54.4,2.17,0.0,8.3,16369
NOAA20002804906,2000,MS,28049,Hinds,Hail,96.7,0.0,0.0,9.0,57985
NOAA20003711902,2000,NC,37119,Mecklenburg,Tornado,55.3,1.19,0.0,11.5,4244
NOAA20003711904,2000,NC,37119,Mecklenburg,Tornado,69.5,1.24,0.0,5.7,21551
NOAA20003105503,2000,NE,31055,Douglas,Hail,81.3,2.18,0.0,11.4,39191
NOAA20003401300,2000,NJ,34013,Essex,Flash Flood,70.8,0.0,0.45,10.2,97307
NOAA20003200300,2000,NV,32003,Clark,Winter Storm,57.9,0.0,0.0,3.7,17304
NOAA20003602906,2000,NY,36029,Erie,Flash Flood,54.0,0.0,0.0,8.9,85742
NOAA20003605906,2000,NY,36059,Nassau,Winter Storm,33.0,0.0,0.0,3.6,3707
NOAA20003903503,2000,OH,39035,Cuyahoga,Thunderstorm Wind,13.2,0.0,0.0,5.6,18773
NOAA20004010905,2000,OK,40109,Oklahoma,Tornado,65.8,2.73,0.0,6.2,47560
NOAA20004014304,2000,OK,40143,Tulsa,Tornado,82.4,1.87,0.0,0.6,19181
NOAA20004105101,2000,OR,41051,Multnomah,Flash Flood,40.2,0.0,0.0,5.9,279116
NOAA20004105102,2000,OR,41051,Multnomah,Winter Storm,37.7,0.0,0.0,2.1,7720
NOAA20004105104,2000,OR,41051,Multnomah,Winter Storm,40.4,0.0,0.0,4.6,150212
NOAA20004210103,2000,PA,42101,Philadelphia,Winter Storm,49.4,0.0,0.0,4.9,13480
NOAA20004504500,2000,SC,45045,Greenville,Tornado,66.9,1.76,0.0,3.6,98226
NOAA20004715708,2000,TN,47157,Shelby,Tornado,54.0,0.84,0.0,9.4,63735
NOAA20004811302,2000,TX,48113,Dallas,Tornado,97.4,1.56,0.0,0.7,63403
NOAA20004811308,2000,TX,48113,Dallas,Hail,69.0,2.61,0.0,3.0,31329
NOAA20004903503,2000,UT,49035,Salt Lake,Winter Storm,49.7,0.0,0.0,0.6,11127
NOAA20005105901,2000,VA,51059,Fairfax,Flash Flood,64.0,0.0,0.92,11.4,12888
NOAA20005303306,2000,WA,53033,King,Winter Storm,30.2,0.0,0.0,7.3,15122
NOAA20005507900,2000,WI,55079,Milwaukee,Flash Flood,53.3,0.0,0.8,10.1,55137
NOAA20005507903,2000,WI,55079,Milwaukee,Thunderstorm Wind,78.7,0.0,0.0,6.4,46165
NOAA20010109702,2001,AL,1097,Mobile,Thunderstorm Wind,97.3,0.0,0.0,7.0,106281
NOAA20010109704,2001,AL,1097,Mobile,Flash Flood,118.8,0.0,1.75,1.8,12669
NOAA20010511902,2001,AR,5119,Pulaski,Thunderstorm Wind,103.2,0.0,0.0,1.6,775167
NOAA20010401303,2001,AZ,4013,Maricopa,Thunderstorm Wind,37.5,0.0,0.0,6.1,23316
NOAA20010607301,2001,CA,6073,San Diego,Flash Flood,56.2,0.0,0.0,5.4,14819
NOAA20010803100,2001,CO,8031,Denver,Thunderstorm Wind,38.5,0.0,0.0,9.5,253514
NOAA20011208600,2001,FL,12086,Miami-Dade,Thunderstorm Wind,119.7,0.0,0.0,1.0,160908
NOAA20011208605,2001,FL,12086,Miami-Dade,Flash Flood,146.5,0.0,2.77,0.6,17835
NOAA20011308908,2001,GA,13089,DeKalb,Thunderstorm Wind,101.5,0.0,0.0,4.3,8849
NOAA20011915302,2001,IA,19153,Polk,Hail,88.3,1.24,0.0,5.6,17755
NOAA20011703104,2001,IL,17031,Cook,Flash Flood,0.0,0.0,0.02,4.2,1
NOAA20011809700,2001,IN,18097,Marion,Tornado,71.4,0.0,0.0,11.6,9512
NOAA20011809704,2001,IN,18097,Marion,Hail,108.3,1.18,0.0,6.2,31241
NOAA20012009102,2001,KS,20091,Johnson,Tornado,55.1,0.11,0.0,7.7,69604
NOAA20012017303,2001,KS,20173,Sedgwick,Thunderstorm Wind,53.4,0.0,0.0,8.4,4556
NOAA20012203307,2001,LA,22033,East Baton Rouge,Flash Flood,91.2,0.0,1.3,3.8,34499
NOAA20012608101,2001,MI,26081,Kent,Winter Storm,45.6,0.0,0.0,9.3,108097
NOAA20012700305,2001,MN,27003,Anoka,Tornado,107.9,0.1,0.0,2.1,134055
NOAA20012705306,2001,MN,27053,Hennepin,Tornado,64.5,0.92,0.0,10.6,10946
NOAA20012909501,2001,MO,29095,Jackson,Hail,66.9,2.03,0.0,7.7,73962
NOAA20012909504,2001,MO,29095,Jackson,Thunderstorm Wind,111.1,0.0,0.0,6.1,71514
NOAA20012804904,2001,MS,28049,Hinds,Thunderstorm Wind,101.9,0.0,0.0,2.9,193032
NOAA20012804908,2001,MS,28049,Hinds,Thunderstorm Wind,80.1,0.0,0.0,10.3,16442
NOAA20013711903,2001,NC,37119,Mecklenburg,Tornado,33.8,0.88,0.0,8.8,5379
NOAA20013105504,2001,NE,31055,Douglas,Hail,92.3,2.5,0.0,10.8,58386
NOAA20013105506,2001,NE,31055,Douglas,Thunderstorm Wind,96.1,0.0,0.0,3.3,9696
NOAA20013401304,2001,NJ,34013,Essex,Winter Storm,72.4,0.0,0.0,3.6,32363
NOAA20013200302,2001,NV,32003,Clark,Thunderstorm Wind,64.8,0.0,0.0,10.2,7322
NOAA20013610300,2001,NY,36103,Suffolk,Thunderstorm Wind,52.4,0.0,0.0,11.8,40774
NOAA20013903500,2001,OH,39035,Cuyahoga,Thunderstorm Wind,62.2,0.0,0.0,4.5,324275
NOAA20013903501,2001,OH,39035,Cuyahoga,Flash Flood,42.5,0.0,1.05,9.2,6587
NOAA20014014300,2001,OK,40143,Tulsa,Hail,83.4,2.7,0.0,8.3,21407
NOAA20014105107,2001,OR,41051,Multnomah,Winter Storm,60.4,0.0,0.0,8.7,10880
NOAA20014210100,2001,PA,42101,Philadelphia,Flash Flood,21.7,0.0,0.29,7.3,18151
NOAA20014210107,2001,PA,42101,Philadelphia,Flash Flood,54.5,0.0,1.22,2.5,215078
NOAA20014504502,2001,SC,45045,Greenville,Hail,75.5,0.44,0.0,7.3,303366
NOAA20014504506,2001,SC,45045,Greenville,Thunderstorm Wind,68.9,0.0,0.0,2.3,52330
NOAA20014504508,2001,SC,45045,Greenville,Hail,49.0,0.76,0.0,2.6,31010
NOAA20014703702,2001,TN,47037,Davidson,Thunderstorm Wind,82.2,0.0,0.0,7.4,13006
NOAA20014802902,2001,TX,48029,Bexar,Tornado,64.0,1.95,0.0,3.1,8372
NOAA20014814101,2001,TX,48141,El Paso,Thunderstorm Wind,20.6,0.0,0.0,6.9,25649
NOAA20014814108,2001,TX,48141,El Paso,Thunderstorm Wind,7.9,0.0,0.0,11.8,2047
NOAA20014814109,2001,TX,48141,El Paso,Winter Storm,12.9,0.0,0.0,10.7,4576
NOAA20014843900,2001,TX,48439,Tarrant,Tornado,92.1,2.65,0.0,2.5,10400
NOAA20014843901,2001,TX,48439,Tarrant,Thunderstorm Wind,93.1,0.0,0.0,10.4,27588
NOAA20014903501,2001,UT,49035,Salt Lake,Thunderstorm Wind,24.5,0.0,0.0,6.4,60463
NOAA20015105902,2001,VA,51059,Fairfax,Thunderstorm Wind,59.6,0.0,0.0,3.2,7203
NOAA20015303309,2001,WA,53033,King,Thunderstorm Wind,24.7,0.0,0.0,6.9,19489
NOAA20015303312,2001,WA,53033,King,Winter Storm,17.0,0.0,0.0,6.8,4294
NOAA20015507901,2001,WI,55079,Milwaukee,Flash Flood,78.5,0.0,0.26,6.5,11919
NOAA20020107302,2002,AL,1073,Jefferson,Thunderstorm Wind,97.0,0.0,0.0,7.1,390656
NOAA20020109704,2002,AL,1097,Mobile,Thunderstorm Wind,101.9,0.0,0.0,3.4,19564
NOAA20020511902,2002,AR,5119,Pulaski,Hail,38.3,0.0,0.0,5.6,43411
NOAA20020511904,2002,AR,5119,Pulaski,Tornado,113.8,0.68,0.0,9.9,13278
NOAA20020511909,2002,AR,5119,Pulaski,Hail,59.0,0.07,0.0,4.6,9425
NOAA20020401300,2002,AZ,4013,Maricopa,Flash Flood,57.7,0.0,0.0,1.1,63266
NOAA20020603707,2002,CA,6037,Los Angeles,Wildfire,30.1,0.0,0.0,2.9,2971
NOAA20020607304,2002,CA,6073,San Diego,Thunderstorm Wind,23.3,0.0,0.0,2.0,21450
NOAA20020803101,2002,CO,8031,Denver,Thunderstorm Wind,83.4,0.0,0.0,6.2,16535
NOAA20020804106,2002,CO,8041,El Paso,Hail,65.2,2.77,0.0,9.3,8579
NOAA20021209500,2002,FL,12095,Orange,Flash Flood,101.6,0.0,1.95,7.5,68081
NOAA20021308900,2002,GA,13089,DeKalb,Hail,81.1,0.38,0.0,0.6,72485
NOAA20021308905,2002,GA,13089,DeKalb,Hail,95.2,1.25,0.0,10.2,28017
NOAA20021915302,2002,IA,19153,Polk,Hail,74.3,1.23,0.0,1.2,18912
NOAA20021716706,2002,IL,17167,Sangamon,Tornado,62.0,1.23,0.0,6.7,35637
NOAA20021809711,2002,IN,18097,Marion,Hail,59.5,1.82,0.0,9.9,70888
NOAA20022009103,2002,KS,20091,Johnson,Hail,97.6,2.66,0.0,10.2,29790
NOAA20022207106,2002,LA,22071,Orleans,Hurricane (Typhoon),75.7,0.0,3.71,9.7,18243
NOAA20022608105,2002,MI,26081,Kent,Flash Flood,69.5,0.0,0.0,6.4,205668
NOAA20022700301,2002,MN,27003,Anoka,Hail,88.4,1.84,0.0,9.3,63958
NOAA20022700302,2002,MN,27003,Anoka,Thunderstorm Wind,76.9,0.0,0.0,11.6,61639
NOAA20022909506,2002,MO,29095,Jackson,Tornado,59.7,1.51,0.0,7.7,11692
NOAA20022909508,2002,MO,29095,Jackson,Thunderstorm Wind,65.0,0.0,0.0,9.8,31388
NOAA20022909509,2002,MO,29095,Jackson,Thunderstorm Wind,87.0,0.0,0.0,8.8,57737
NOAA20022804901,2002,MS,28049,Hinds,Tornado,75.3,0.64,0.0,11.7,45133
NOAA20023711906,2002,NC,37119,Mecklenburg,Hail,76.0,0.61,0.0,2.5,31725
NOAA20023105501,2002,NE,31055,Douglas,Thunderstorm Wind,87.2,0.0,0.0,4.8,14702
NOAA20023401307,2002,NJ,34013,Essex,Winter Storm,62.8,0.0,0.0,4.7,100462
NOAA20023200303,2002,NV,32003,Clark,Thunderstorm Wind,12.5,0.0,0.0,8.5,4887
NOAA20023200308,2002,NV,32003,Clark,Winter Storm,36.8,0.0,0.0,5.4,28146
NOAA20023610302,2002,NY,36103,Suffolk,Thunderstorm Wind,47.8,0.0,0.0,7.2,27563
NOAA20023903501,2002,OH,39035,Cuyahoga,Flash Flood,84.8,0.0,0.97,6.9,39245
NOAA20023904902,2002,OH,39049,Franklin,Hail,101.4,0.12,0.0,1.1,15456
NOAA20024010900,2002,OK,40109,Oklahoma,Tornado,108.0,2.13,0.0,10.2,126007
NOAA20024014301,2002,OK,40143,Tulsa,Thunderstorm Wind,82.1,0.0,0.0,6.3,129667
NOAA20024105101,2002,OR,41051,Multnomah,Winter Storm,60.3,0.0,0.0,9.3,66506
NOAA20024105106,2002,OR,41051,Multnomah,Thunderstorm Wind,36.0,0.0,0.0,9.2,35914
NOAA20024210100,2002,PA,42101,Philadelphia,Flash Flood,50.5,0.0,0.22,3.5,2546
NOAA20024210103,2002,PA,42101,Philadelphia,Winter Storm,59.5,0.0,0.0,4.1,11304
NOAA20024504507,2002,SC,45045,Greenville,Hail,55.6,0.59,0.0,7.1,56279
NOAA20024703700,2002,TN,47037,Davidson,Hail,72.7,1.65,0.0,7.1,193149
NOAA20024703703,2002,TN,47037,Davidson,Hail,76.1,0.43,0.0,2.8,22256
NOAA20024802909,2002,TX,48029,Bexar,Thunderstorm Wind,81.6,0.0,0.0,8.7,373736
NOAA20024820101,2002,TX,48201,Harris,Hurricane (Typhoon),92.7,0.0,2.05,0.6,15187
NOAA20024903507,2002,UT,49035,Salt Lake,Thunderstorm Wind,60.0,0.0,0.0,3.8,134848
NOAA20024903509,2002,UT,49035,Salt Lake,Flash Flood,64.0,0.0,0.0,4.6,8595
NOAA20024903511,2002,UT,49035,Salt Lake,Flash Flood,45.8,0.0,0.53,5.5,19539
NOAA20025105901,2002,VA,51059,Fairfax,Thunderstorm Wind,48.5,0.0,0.0,10.9,22972
NOAA20025303300,2002,WA,53033,King,Flash Flood,20.8,0.0,0.0,9.3,7274
NOAA20025507902,2002,WI,55079,Milwaukee,Flash Flood,56.2,0.0,0.18,2.1,46196
NOAA20030107306,2003,AL,1073,Jefferson,Tornado,105.0,1.38,0.0,3.9,427697
NOAA20030109707,2003,AL,1097,Mobile,Thunderstorm Wind,113.4,0.0,0.0,10.0,449929
NOAA20030511907,2003,AR,5119,Pulaski,Tornado,50.2,0.95,0.0,4.8,43350
NOAA20030401306,2003,AZ,4013,Maricopa,Winter Storm,56.6,0.0,0.0,6.9,5913
NOAA20030607306,2003,CA,6073,San Diego,Winter Storm,44.7,0.0,0.0,8.1,17537
NOAA20030804102,2003,CO,8041,El Paso,Hail,66.3,3.38,0.0,8.3,3366
NOAA20031205701,2003,FL,12057,Hillsborough,Thunderstorm Wind,99.8,0.0,0.0,1.3,65302
NOAA20031208604,2003,FL,12086,Miami-Dade,Flash Flood,100.3,0.0,2.93,6.8,106984
NOAA20031209506,2003,FL,12095,Orange,Hurricane (Typhoon),115.3,0.0,0.64,10.2,21447
NOAA20031308906,2003,GA,13089,DeKalb,Tornado,81.1,0.69,0.0,8.5,215427
NOAA20031915302,2003,IA,19153,Polk,Hail,83.0,1.42,0.0,2.6,8849
NOAA20031915306,2003,IA,19153,Polk,Thunderstorm Wind,45.2,0.0,0.0,12.0,166484
NOAA20031716700,2003,IL,17167,Sangamon,Thunderstorm Wind,93.6,0.0,0.0,4.4,53649
NOAA20031809700,2003,IN,18097,Marion,Thunderstorm Wind,62.1,0.0,0.0,10.3,16183
NOAA20032009101,2003,KS,20091,Johnson,Tornado,67.4,1.96,0.0,0.8,13110
NOAA20032017305,2003,KS,20173,Sedgwick,Thunderstorm Wind,76.5,0.0,0.0,5.7,159854
NOAA20032203306,2003,LA,22033,East Baton Rouge,Thunderstorm Wind,75.4,0.0,0.0,0.6,9147
NOAA20032608105,2003,MI,26081,Kent,Winter Storm,49.0,0.0,0.0,8.6,45025
NOAA20032700308,2003,MN,27003,Anoka,Thunderstorm Wind,29.9,0.0,0.0,5.4,20437
NOAA20032705306,2003,MN,27053,Hennepin,Hail,75.8,0.52,0.0,5.2,21957
NOAA20032909509,2003,MO,29095,Jackson,Tornado,65.2,1.83,0.0,10.7,24999
NOAA20032804900,2003,MS,28049,Hinds,Tornado,92.1,1.53,0.0,7.2,68642
NOAA20032804904,2003,MS,28049,Hinds,Hail,80.4,0.11,0.0,11.1,84113
NOAA20033711907,2003,NC,37119,Mecklenburg,Tornado,63.5,0.4,0.0,11.0,34047
NOAA20033105504,2003,NE,31055,Douglas,Thunderstorm Wind,64.5,0.0,0.0,7.5,7149
NOAA20033401301,2003,NJ,34013,Essex,Flash Flood,15.6,0.0,2.0,8.8,34071
NOAA20033200306,2003,NV,32003,Clark,Thunderstorm Wind,26.5,0.0,0.0,8.2,142425
NOAA20033610303,2003,NY,36103,Suffolk,Thunderstorm Wind,77.2,0.0,0.0,1.6,82532
NOAA20033610305,2003,NY,36103,Suffolk,Winter Storm,43.8,0.0,0.0,7.4,1553
NOAA20033610307,2003,NY,36103,Suffolk,Flash Flood,55.9,0.0,1.06,4.7,26138
NOAA20033903502,2003,OH,39035,Cuyahoga,Winter Storm,56.9,0.0,0.0,2.8,40986
NOAA20033903503,2003,OH,39035,Cuyahoga,Winter Storm,48.2,0.0,0.0,4.8,146427
NOAA20034010901,2003,OK,40109,Oklahoma,Tornado,111.7,2.43,0.0,6.6,82961
NOAA20034010902,2003,OK,40109,Oklahoma,Hail,119.5,2.2,0.0,10.6,63601
NOAA20034105100,2003,OR,41051,Multnomah,Winter Storm,36.0,0.0,0.0,9.3,87188
NOAA20034210104,2003,PA,42101,Philadelphia,Flash Flood,61.8,0.0,0.01,3.1,26275
NOAA20034504507,2003,SC,45045,Greenville,Hail,75.6,0.9,0.0,8.6,43027
NOAA20034715705,2003,TN,47157,Shelby,Thunderstorm Wind,63.6,0.0,0.0,11.5,10198
NOAA20034802904,2003,TX,48029,Bexar,Hail,101.1,2.24,0.0,3.7,13650
NOAA20034802907,2003,TX,48029,Bexar,Tornado,82.4,1.46,0.0,1.7,65983
NOAA20034811303,2003,TX,48113,Dallas,Tornado,82.6,2.45,0.0,4.7,24104
NOAA20034811306,2003,TX,48113,Dallas,Hail,61.0,2.72,0.0,11.6,59871
NOAA20034843905,2003,TX,48439,Tarrant,Tornado,91.8,2.63,0.0,10.2,202813
NOAA20034903500,2003,UT,49035,Salt Lake,Flash Flood,52.1,0.0,0.0,5.9,38777
NOAA20034903504,2003,UT,49035,Salt Lake,Thunderstorm Wind,76.2,0.0,0.0,1.2,95849
NOAA20035105900,2003,VA,51059,Fairfax,Winter Storm,59.6,0.0,0.0,1.4,73417
NOAA20035105904,2003,VA,51059,Fairfax,Flash Flood,89.1,0.0,0.0,7.8,87785
NOAA20035303305,2003,WA,53033,King,Thunderstorm Wind,23.6,0.0,0.0,2.9,42066
NOAA20035507900,2003,WI,55079,Milwaukee,Winter Storm,14.1,0.0,0.0,5.0,15483
NOAA20035507901,2003,WI,55079,Milwaukee,Flash Flood,73.5,0.0,0.0,1.6,128353
NOAA20040107303,2004,AL,1073,Jefferson,Thunderstorm Wind,72.9,0.0,0.0,0.8,25073
NOAA20040109700,2004,AL,1097,Mobile,Flash Flood,105.0,0.0,1.73,0.6,11382
NOAA20040109706,2004,AL,1097,Mobile,Flash Flood,113.5,0.0,1.92,2.8,705819
NOAA20040511900,2004,AR,5119,Pulaski,Tornado,97.0,0.98,0.0,7.1,14008
NOAA20040511908,2004,AR,5119,Pulaski,Thunderstorm Wind,117.8,0.0,0.0,3.5,113924
NOAA20040401300,2004,AZ,4013,Maricopa,Thunderstorm Wind,18.2,0.0,0.0,11.5,3845
NOAA20040401307,2004,AZ,4013,Maricopa,Winter Storm,61.1,0.0,0.0,5.4,66185
NOAA20040607301,2004,CA,6073,San Diego,Thunderstorm Wind,0.0,0.0,0.0,9.1,1
NOAA20040607302,2004,CA,6073,San Diego,Flash Flood,58.0,0.0,0.94,4.6,10852
NOAA20040803104,2004,CO,8031,Denver,Tornado,71.2,2.97,0.0,9.0,364362
NOAA20040804106,2004,CO,8041,El Paso,Tornado,34.4,2.43,0.0,2.2,13573
NOAA20041205705,2004,FL,12057,Hillsborough,Thunderstorm Wind,109.4,0.0,0.0,4.6,177872
NOAA20041208601,2004,FL,12086,Miami-Dade,Flash Flood,130.8,0.0,3.77,3.5,36205
NOAA20041209502,2004,FL,12095,Orange,Hurricane (Typhoon),159.3,0.0,1.79,1.2,364349
NOAA20041308901,2004,GA,13089,DeKalb,Thunderstorm Wind,104.6,0.0,0.0,9.8,71915
NOAA20041915306,2004,IA,19153,Polk,Thunderstorm Wind,57.1,0.0,0.0,4.3,53777
NOAA20041915307,2004,IA,19153,Polk,Tornado,85.4,1.18,0.0,9.2,39882
NOAA20041703103,2004,IL,17031,Cook,Winter Storm,65.6,0.0,0.0,6.8,30609
NOAA20041809705,2004,IN,18097,Marion,Thunderstorm Wind,72.1,0.0,0.0,4.4,97601
NOAA20042017301,2004,KS,20173,Sedgwick,Tornado,89.4,2.02,0.0,5.5,31888
NOAA20042203300,2004,LA,22033,East Baton Rouge,Thunderstorm Wind,96.1,0.0,0.0,10.2,51132
NOAA20042608105,2004,MI,26081,Kent,Flash Flood,46.0,0.0,0.3,8.7,11792
NOAA20042705300,2004,MN,27053,Hennepin,Hail,98.3,1.13,0.0,11.7,100588
NOAA20042705306,2004,MN,27053,Hennepin,Tornado,42.8,0.89,0.0,1.7,3495
NOAA20042705307,2004,MN,27053,Hennepin,Tornado,44.9,2.26,0.0,4.6,14259
NOAA20042909509,2004,MO,29095,Jackson,Thunderstorm Wind,97.6,0.0,0.0,11.9,83716
NOAA20042804900,2004,MS,28049,Hinds,Tornado,80.1,1.72,0.0,10.0,16955
NOAA20042804902,2004,MS,28049,Hinds,Hail,84.6,0.45,0.0,5.5,248029
NOAA20043711904,2004,NC,37119,Mecklenburg,Hail,67.2,0.38,0.0,10.1,22326
NOAA20043105507,2004,NE,31055,Douglas,Hail,67.7,2.74,0.0,1.8,30427
NOAA20043401302,2004,NJ,34013,Essex,Thunderstorm Wind,83.5,0.0,0.0,7.5,2768
NOAA20043200305,2004,NV,32003,Clark,Winter Storm,32.6,0.0,0.0,6.7,5251
NOAA20043602903,2004,NY,36029,Erie,Winter Storm,60.9,0.0,0.0,1.7,58739
NOAA20043610300,2004,NY,36103,Suffolk,Thunderstorm Wind,54.3,0.0,0.0,7.7,33439
NOAA20043904907,2004,OH,39049,Franklin,Tornado,93.6,1.06,0.0,0.7,83605
NOAA20044010901,2004,OK,40109,Oklahoma,Thunderstorm Wind,96.0,0.0,0.0,7.5,92650
NOAA20044014305,2004,OK,40143,Tulsa,Tornado,91.7,2.08,0.0,11.4,56439
NOAA20044014306,2004,OK,40143,Tulsa,Tornado,79.3,2.47,0.0,4.5,5338
NOAA20044105102,2004,OR,41051,Multnomah,Winter Storm,36.0,0.0,0.0,8.6,138395
NOAA20044210102,2004,PA,42101,Philadelphia,Flash Flood,37.4,0.0,1.04,7.1,23517
NOAA20044504502,2004,SC,45045,Greenville,Thunderstorm Wind,71.7,0.0,0.0,3.2,18321
NOAA20044504503,2004,SC,45045,Greenville,Thunderstorm Wind,81.6,0.0,0.0,2.3,67793
NOAA20044715711,2004,TN,47157,Shelby,Hail,87.5,1.73,0.0,5.8,854018
NOAA20044811300,2004,TX,48113,Dallas,Tornado,60.2,1.78,0.0,6.0,36059
NOAA20044903510,2004,UT,49035,Salt Lake,Thunderstorm Wind,20.9,0.0,0.0,3.5,62494
NOAA20044903512,2004,UT,49035,Salt Lake,Winter Storm,59.3,0.0,0.0,4.1,4339
NOAA20045105901,2004,VA,51059,Fairfax,Winter Storm,71.6,0.0,0.0,4.1,16305
NOAA20045303305,2004,WA,53033,King,Flash Flood,38.2,0.0,0.8,6.7,6082
NOAA20045507905,2004,WI,55079,Milwaukee,Thunderstorm Wind,79.3,0.0,0.0,6.1,36875
NOAA20045507906,2004,WI,55079,Milwaukee,Thunderstorm Wind,57.0,0.0,0.0,1.6,88526
NOAA20050107304,2005,AL,1073,Jefferson,Hail,80.0,2.01,0.0,8.9,107643
NOAA20050109700,2005,AL,1097,Mobile,Flash Flood,125.4,0.0,4.3,1.1,36901
NOAA20050511900,2005,AR,5119,Pulaski,Thunderstorm Wind,64.4,0.0,0.0,8.0,257212
NOAA20050511903,2005,AR,5119,Pulaski,Hail,74.2,2.5,0.0,0.7,13820
NOAA20050401310,2005,AZ,4013,Maricopa,Flash Flood,27.8,0.0,0.0,7.0,19231
NOAA20050603705,2005,CA,6037,Los Angeles,Thunderstorm Wind,42.2,0.0,0.0,5.6,16248
NOAA20050607308,2005,CA,6073,San Diego,Winter Storm,57.4,0.0,0.0,1.8,7196
NOAA20050804103,2005,CO,8041,El Paso,Thunderstorm Wind,63.0,0.0,0.0,5.4,69333
NOAA20050804108,2005,CO,8041,El Paso,Thunderstorm Wind,41.0,0.0,0.0,3.4,70330
NOAA20051205700,2005,FL,12057,Hillsborough,Flash Flood,108.9,0.0,3.1,6.7,117883
NOAA20051208600,2005,FL,12086,Miami-Dade,Flash Flood,138.3,0.0,3.44,6.9,14840
NOAA20051308900,2005,GA,13089,DeKalb,Tornado,78.2,0.75,0.0,10.0,36693
NOAA20051915306,2005,IA,19153,Polk,Tornado,105.3,1.87,0.0,5.5,98656
NOAA20051716703,2005,IL,17167,Sangamon,Thunderstorm Wind,48.9,0.0,0.0,10.2,73600
NOAA20051716705,2005,IL,17167,Sangamon,Tornado,89.7,1.75,0.0,7.7,145883
NOAA20051809708,2005,IN,18097,Marion,Tornado,123.1,0.71,0.0,5.2,339934
NOAA20052017300,2005,KS,20173,Sedgwick,Thunderstorm Wind,81.9,0.0,0.0,6.2,288401
NOAA20052017303,2005,KS,20173,Sedgwick,Hail,123.8,2.89,0.0,8.6,69890
NOAA20052207102,2005,LA,22071,Orleans,Thunderstorm Wind,111.2,0.0,0.0,7.4,85548
NOAA20052608104,2005,MI,26081,Kent,Flash Flood,64.7,0.0,1.77,9.8,8122
NOAA20052700306,2005,MN,27003,Anoka,Thunderstorm Wind,82.7,0.0,0.0,8.4,9372
NOAA20052909503,2005,MO,29095,Jackson,Thunderstorm Wind,34.6,0.0,0.0,4.7,13022
NOAA20052804903,2005,MS,28049,Hinds,Tornado,116.5,2.27,0.0,4.1,580662
NOAA20052804905,2005,MS,28049,Hinds,Hail,89.2,1.54,0.0,2.9,134104
NOAA20053711903,2005,NC,37119,Mecklenburg,Hail,73.6,0.66,0.0,3.6,7652
NOAA20053711905,2005,NC,37119,Mecklenburg,Thunderstorm Wind,60.8,0.0,0.0,6.8,64372
NOAA20053105500,2005,NE,31055,Douglas,Tornado,130.8,2.23,0.0,3.9,1101731
NOAA20053105501,2005,NE,31055,Douglas,Hail,107.6,1.01,0.0,0.7,214402
NOAA20053105505,2005,NE,31055,Douglas,Thunderstorm Wind,79.3,0.0,0.0,10.5,49280
NOAA20053105509,2005,NE,31055,Douglas,Hail,80.1,2.2,0.0,5.7,246744
NOAA20053401301,2005,NJ,34013,Essex,Flash Flood,42.7,0.0,0.88,5.0,57094
NOAA20053200303,2005,NV,32003,Clark,Winter Storm,53.4,0.0,0.0,8.6,25834
NOAA20053610302,2005,NY,36103,Suffolk,Flash Flood,44.1,0.0,0.55,7.0,21060
NOAA20053903506,2005,OH,39035,Cuyahoga,Thunderstorm Wind,24.9,0.0,0.0,1.8,39151
NOAA20053904902,2005,OH,39049,Franklin,Hail,80.8,0.45,0.0,5.7,1251
NOAA20054014300,2005,OK,40143,Tulsa,Tornado,72.0,1.79,0.0,10.3,8315
NOAA20054014306,2005,OK,40143,Tulsa,Tornado,98.9,1.96,0.0,1.0,54281
NOAA20054105101,2005,OR,41051,Multnomah,Flash Flood,73.6,0.0,0.48,5.2,65697
NOAA20054210102,2005,PA,42101,Philadelphia,Flash Flood,41.4,0.0,0.0,8.3,147540
NOAA20054210108,2005,PA,42101,Philadelphia,Flash Flood,67.9,0.0,0.91,9.4,86208
NOAA20054504501,2005,SC,45045,Greenville,Tornado,71.8,0.91,0.0,7.2,80043
NOAA20054703701,2005,TN,47037,Davidson,Hail,62.0,1.27,0.0,6.9,26122
NOAA20054703709,2005,TN,47037,Davidson,Hail,65.5,0.33,0.0,10.4,77549
NOAA20054811303,2005,TX,48113,Dallas,Tornado,100.2,1.88,0.0,10.7,13005
NOAA20054843902,2005,TX,48439,Tarrant,Tornado,47.6,2.32,0.0,6.5,11456
NOAA20054843907,2005,TX,48439,Tarrant,Thunderstorm Wind,92.0,0.0,0.0,5.5,37833
NOAA20054903501,2005,UT,49035,Salt Lake,Thunderstorm Wind,0.8,0.0,0.0,1.6,610
NOAA20055105900,2005,VA,51059,Fairfax,Thunderstorm Wind,57.2,0.0,0.0,4.7,84581
NOAA20055303306,2005,WA,53033,King,Flash Flood,50.6,0.0,1.03,4.1,25656
NOAA20055507901,2005,WI,55079,Milwaukee,Thunderstorm Wind,62.6,0.0,0.0,10.7,80063
NOAA20060109702,2006,AL,1097,Mobile,Hurricane (Typhoon),106.2,0.0,1.65,9.9,44041
NOAA20060511904,2006,AR,5119,Pulaski,Thunderstorm Wind,105.0,0.0,0.0,12.0,194483
NOAA20060401300,2006,AZ,4013,Maricopa,Flash Flood,53.1,0.0,0.56,6.0,834
NOAA20060607300,2006,CA,6073,San Diego,Winter Storm,27.0,0.0,0.0,8.9,3337
NOAA20060803101,2006,CO,8031,Denver,Tornado,44.1,2.3,0.0,2.8,4539
NOAA20060804104,2006,CO,8041,El Paso,Thunderstorm Wind,86.3,0.0,0.0,3.2,17024
NOAA20061208602,2006,FL,12086,Miami-Dade,Thunderstorm Wind,147.7,0.0,0.0,3.5,198287
NOAA20061209503,2006,FL,12095,Orange,Thunderstorm Wind,125.1,0.0,0.0,7.1,42062
NOAA20061209507,2006,FL,12095,Orange,Flash Flood,96.4,0.0,4.28,1.1,17595
NOAA20061209509,2006,FL,12095,Orange,Hurricane (Typhoon),105.5,0.0,2.79,11.8,15412
NOAA20061308902,2006,GA,13089,DeKalb,Thunderstorm Wind,63.2,0.0,0.0,1.6,8393
NOAA20061915300,2006,IA,19153,Polk,Tornado,65.0,2.03,0.0,6.0,2927
NOAA20061915301,2006,IA,19153,Polk,Tornado,82.0,1.25,0.0,9.8,66131
NOAA20061915303,2006,IA,19153,Polk,Thunderstorm Wind,94.1,0.0,0.0,10.4,13860
NOAA20061716705,2006,IL,17167,Sangamon,Hail,54.9,1.78,0.0,11.4,9740
NOAA20061809704,2006,IN,18097,Marion,Tornado,59.6,2.7,0.0,7.1,9482
NOAA20062017303,2006,KS,20173,Sedgwick,Thunderstorm Wind,87.0,0.0,0.0,4.8,53959
NOAA20062017304,2006,KS,20173,Sedgwick,Hail,89.8,3.26,0.0,2.9,20184
NOAA20062207104,2006,LA,22071,Orleans,Flash Flood,111.8,0.0,3.57,9.3,17731
NOAA20062608103,2006,MI,26081,Kent,Winter Storm,34.5,0.0,0.0,12.0,217131
NOAA20062608104,2006,MI,26081,Kent,Winter Storm,56.9,0.0,0.0,2.6,8362
NOAA20062608105,2006,MI,26081,Kent,Thunderstorm Wind,87.7,0.0,0.0,3.4,74930
NOAA20062705306,2006,MN,27053,Hennepin,Thunderstorm Wind,45.1,0.0,0.0,5.9,33730
NOAA20062909501,2006,MO,29095,Jackson,Thunderstorm Wind,56.8,0.0,0.0,5.2,2456
NOAA20062804900,2006,MS,28049,Hinds,Hail,92.9,0.17,0.0,6.5,217809
NOAA20062804903,2006,MS,28049,Hinds,Tornado,70.8,1.97,0.0,5.3,13933
NOAA20063711902,2006,NC,37119,Mecklenburg,Thunderstorm Wind,100.8,0.0,0.0,6.2,69752
NOAA20063105506,2006,NE,31055,Douglas,Thunderstorm Wind,97.9,0.0,0.0,8.4,458422
NOAA20063401303,2006,NJ,34013,Essex,Winter Storm,48.2,0.0,0.0,3.1,33384
NOAA20063200300,2006,NV,32003,Clark,Flash Flood,62.4,0.0,1.32,7.2,59940
NOAA20063605903,2006,NY,36059,Nassau,Winter Storm,76.1,0.0,0.0,11.4,83343
NOAA20063904901,2006,OH,39049,Franklin,Hail,58.4,0.33,0.0,0.7,23192
NOAA20064014300,2006,OK,40143,Tulsa,Hail,130.2,1.58,0.0,6.7,332274
NOAA20064014302,2006,OK,40143,Tulsa,Hail,43.1,1.04,0.0,7.1,16613
NOAA20064105102,2006,OR,41051,Multnomah,Winter Storm,5.6,0.0,0.0,11.2,1888
NOAA20064210101,2006,PA,42101,Philadelphia,Thunderstorm Wind,74.0,0.0,0.0,3.5,7759
NOAA20064210103,2006,PA,42101,Philadelphia,Thunderstorm Wind,54.0,0.0,0.0,0.6,9387
NOAA20064504501,2006,SC,45045,Greenville,Hail,92.6,1.22,0.0,2.5,63307
NOAA20064715701,2006,TN,47157,Shelby,Tornado,78.2,0.0,0.0,9.7,10562
NOAA20064715706,2006,TN,47157,Shelby,Thunderstorm Wind,109.8,0.0,0.0,6.5,88566
NOAA20064811301,2006,TX,48113,Dallas,Hail,104.4,2.26,0.0,5.8,18213
NOAA20064811304,2006,TX,48113,Dallas,Hail,125.5,3.53,0.0,9.7,136937
NOAA20064814103,2006,TX,48141,El Paso,Thunderstorm Wind,58.3,0.0,0.0,1.6,79342
NOAA20064903504,2006,UT,49035,Salt Lake,Thunderstorm Wind,32.2,0.0,0.0,6.7,29513
NOAA20064903505,2006,UT,49035,Salt Lake,Winter Storm,58.5,0.0,0.0,1.7,62420
NOAA20064903507,2006,UT,49035,Salt Lake,Flash Flood,62.2,0.0,0.0,4.3,4825
NOAA20065105903,2006,VA,51059,Fairfax,Thunderstorm Wind,53.4,0.0,0.0,4.6,15197
NOAA20065303303,2006,WA,53033,King,Winter Storm,74.1,0.0,0.0,10.5,7771
NOAA20065507900,2006,WI,55079,Milwaukee,Flash Flood,43.1,0.0,0.0,7.3,51903
NOAA20065507905,2006,WI,55079,Milwaukee,Thunderstorm Wind,103.0,0.0,0.0,6.4,361829
NOAA20070109703,2007,AL,1097,Mobile,Thunderstorm Wind,97.9,0.0,0.0,0.9,256038
NOAA20070511909,2007,AR,5119,Pulaski,Hail,73.6,2.21,0.0,10.0,16327
NOAA20070401309,2007,AZ,4013,Maricopa,Thunderstorm Wind,46.1,0.0,0.0,6.4,29997
NOAA20070603701,2007,CA,6037,Los Angeles,Thunderstorm Wind,59.8,0.0,0.0,7.4,5812
NOAA20070804102,2007,CO,8041,El Paso,Tornado,87.9,2.28,0.0,5.4,105743
NOAA20071205705,2007,FL,12057,Hillsborough,Hurricane (Typhoon),133.7,0.0,2.16,5.5,50836
NOAA20071308902,2007,GA,13089,DeKalb,Hail,74.9,1.68,0.0,8.5,16580
NOAA20071915300,2007,IA,19153,Polk,Hail,75.2,1.96,0.0,1.2,19884
NOAA20071716701,2007,IL,17167,Sangamon,Thunderstorm Wind,85.2,0.0,0.0,2.5,151698
NOAA20071809704,2007,IN,18097,Marion,Thunderstorm Wind,108.3,0.0,0.0,8.0,67960
NOAA20072009100,2007,KS,20091,Johnson,Hail,79.6,2.13,0.0,7.6,334429
NOAA20072207105,2007,LA,22071,Orleans,Flash Flood,112.3,0.0,3.88,9.5,97674
NOAA20072207106,2007,LA,22071,Orleans,Thunderstorm Wind,56.8,0.0,0.0,7.5,9973
NOAA20072608102,2007,MI,26081,Kent,Winter Storm,67.7,0.0,0.0,1.5,10290
NOAA20072608109,2007,MI,26081,Kent,Thunderstorm Wind,32.7,0.0,0.0,3.7,3845
NOAA20072700301,2007,MN,27003,Anoka,Thunderstorm Wind,98.8,0.0,0.0,4.1,16948
NOAA20072705300,2007,MN,27053,Hennepin,Hail,79.1,1.4,0.0,8.8,66409
NOAA20072909505,2007,MO,29095,Jackson,Hail,80.3,1.69,0.0,8.5,14465
NOAA20072804900,2007,MS,28049,Hinds,Thunderstorm Wind,67.9,0.0,0.0,5.5,7739
NOAA20073711901,2007,NC,37119,Mecklenburg,Tornado,92.4,1.04,0.0,11.4,70523
NOAA20073711903,2007,NC,37119,Mecklenburg,Tornado,41.8,0.85,0.0,9.5,10098
NOAA20073105500,2007,NE,31055,Douglas,Tornado,113.8,2.35,0.0,2.7,160057
NOAA20073105505,2007,NE,31055,Douglas,Thunderstorm Wind,70.2,0.0,0.0,9.6,2245
NOAA20073401303,2007,NJ,34013,Essex,Thunderstorm Wind,36.0,0.0,0.0,4.8,20145
NOAA20073200305,2007,NV,32003,Clark,Thunderstorm Wind,56.1,0.0,0.0,8.2,70565
NOAA20073605900,2007,NY,36059,Nassau,Thunderstorm Wind,20.7,0.0,0.0,3.7,17388
NOAA20073610300,2007,NY,36103,Suffolk,Winter Storm,72.9,0.0,0.0,9.1,39178
NOAA20073610306,2007,NY,36103,Suffolk,Flash Flood,48.8,0.0,0.53,5.5,31820
NOAA20073903507,2007,OH,39035,Cuyahoga,Flash Flood,24.6,0.0,1.69,2.6,32021
NOAA20073903508,2007,OH,39035,Cuyahoga,Flash Flood,66.2,0.0,0.15,3.3,132277
NOAA20073904902,2007,OH,39049,Franklin,Thunderstorm Wind,51.5,0.0,0.0,11.6,32219
NOAA20073904903,2007,OH,39049,Franklin,Thunderstorm Wind,47.4,0.0,0.0,4.6,6393
NOAA20073904904,2007,OH,39049,Franklin,Tornado,72.5,1.14,0.0,4.7,138592
NOAA20074010902,2007,OK,40109,Oklahoma,Tornado,109.1,2.95,0.0,4.2,85689
NOAA20074105103,2007,OR,41051,Multnomah,Thunderstorm Wind,51.2,0.0,0.0,4.5,41422
NOAA20074105105,2007,OR,41051,Multnomah,Thunderstorm Wind,40.4,0.0,0.0,4.8,113927
NOAA20074210102,2007,PA,42101,Philadelphia,Winter Storm,85.6,0.0,0.0,8.0,65278
NOAA20074210107,2007,PA,42101,Philadelphia,Winter Storm,52.2,0.0,0.0,9.3,44440
NOAA20074504502,2007,SC,45045,Greenville,Tornado,65.6,1.59,0.0,11.3,59401
NOAA20074703701,2007,TN,47037,Davidson,Thunderstorm Wind,84.2,0.0,0.0,1.9,126527
NOAA20074715700,2007,TN,47157,Shelby,Hail,119.5,0.69,0.0,1.5,172395
NOAA20074811307,2007,TX,48113,Dallas,Thunderstorm Wind,61.8,0.0,0.0,4.3,21979
NOAA20074814102,2007,TX,48141,El Paso,Flash Flood,35.2,0.0,0.49,1.3,128905
NOAA20074820100,2007,TX,48201,Harris,Flash Flood,92.3,0.0,3.47,5.7,3332
NOAA20074820101,2007,TX,48201,Harris,Thunderstorm Wind,111.6,0.0,0.0,11.9,77779
NOAA20074820111,2007,TX,48201,Harris,Thunderstorm Wind,136.5,0.0,0.0,2.0,15673
NOAA20074903506,2007,UT,49035,Salt Lake,Flash Flood,9.8,0.0,0.05,7.7,2518
NOAA20075105903,2007,VA,51059,Fairfax,Winter Storm,27.4,0.0,0.0,5.7,2563
NOAA20075303305,2007,WA,53033,King,Thunderstorm Wind,20.4,0.0,0.0,2.9,979
NOAA20075507902,2007,WI,55079,Milwaukee,Flash Flood,0.0,0.0,0.0,3.9,0
NOAA20080107302,2008,AL,1073,Jefferson,Tornado,98.6,2.44,0.0,10.4,189986
NOAA20080511903,2008,AR,5119,Pulaski,Thunderstorm Wind,87.0,0.0,0.0,8.7,215281
NOAA20080511905,2008,AR,5119,Pulaski,Hail,124.0,1.08,0.0,4.2,12653
NOAA20080401300,2008,AZ,4013,Maricopa,Flash Flood,63.1,0.0,0.0,5.4,48122
NOAA20080603703,2008,CA,6037,Los Angeles,Flash Flood,29.0,0.0,0.0,6.9,187075
NOAA20080603704,2008,CA,6037,Los Angeles,Flash Flood,23.0,0.0,0.04,6.4,25719
NOAA20080607301,2008,CA,6073,San Diego,Winter Storm,56.8,0.0,0.0,4.3,7210
NOAA20080804100,2008,CO,8041,El Paso,Tornado,64.6,3.52,0.0,6.6,45328
NOAA20080804102,2008,CO,8041,El Paso,Thunderstorm Wind,47.6,0.0,0.0,2.0,29217
NOAA20080804103,2008,CO,8041,El Paso,Thunderstorm Wind,115.2,0.0,0.0,3.7,32924
NOAA20081205705,2008,FL,12057,Hillsborough,Flash Flood,155.6,0.0,3.2,11.6,15513
NOAA20081205708,2008,FL,12057,Hillsborough,Hurricane (Typhoon),150.8,0.0,4.99,6.2,61117
NOAA20081308904,2008,GA,13089,DeKalb,Thunderstorm Wind,63.7,0.0,0.0,11.2,67275
NOAA20081308908,2008,GA,13089,DeKalb,Tornado,104.0,1.47,0.0,8.1,28388
NOAA20081915308,2008,IA,19153,Polk,Tornado,83.4,2.42,0.0,9.7,25184
NOAA20081703105,2008,IL,17031,Cook,Winter Storm,67.9,0.0,0.0,10.1,86917
NOAA20081809704,2008,IN,18097,Marion,Hail,61.2,1.22,0.0,5.4,25048
NOAA20082017300,2008,KS,20173,Sedgwick,Tornado,44.1,2.85,0.0,7.8,5959
NOAA20082203302,2008,LA,22033,East Baton Rouge,Thunderstorm Wind,83.0,0.0,0.0,8.5,366571
NOAA20082203304,2008,LA,22033,East Baton Rouge,Flash Flood,78.7,0.0,3.79,9.3,4671
NOAA20082608106,2008,MI,26081,Kent,Winter Storm,123.8,0.0,0.0,6.1,80703
NOAA20082705302,2008,MN,27053,Hennepin,Thunderstorm Wind,91.9,0.0,0.0,7.5,20799
NOAA20082705306,2008,MN,27053,Hennepin,Tornado,64.5,0.83,0.0,1.9,74666
NOAA20082909507,2008,MO,29095,Jackson,Hail,98.6,0.26,0.0,6.4,40118
NOAA20082804902,2008,MS,28049,Hinds,Thunderstorm Wind,97.5,0.0,0.0,11.0,29092
NOAA20083711907,2008,NC,37119,Mecklenburg,Hail,68.6,1.15,0.0,5.9,10936
NOAA20083105503,2008,NE,31055,Douglas,Tornado,71.1,1.12,0.0,9.5,139727
NOAA20083401301,2008,NJ,34013,Essex,Thunderstorm Wind,60.2,0.0,0.0,2.7,1166
NOAA20083401304,2008,NJ,34013,Essex,Winter Storm,93.9,0.0,0.0,3.6,33006
NOAA20083200303,2008,NV,32003,Clark,Flash Flood,36.4,0.0,0.0,1.9,6016
NOAA20083602900,2008,NY,36029,Erie,Winter Storm,47.2,0.0,0.0,2.1,207518
NOAA20083602906,2008,NY,36029,Erie,Thunderstorm Wind,10.0,0.0,0.0,6.9,417
NOAA20083904900,2008,OH,39049,Franklin,Tornado,39.0,1.71,0.0,1.7,45798
NOAA20084010908,2008,OK,40109,Oklahoma,Hail,123.5,2.13,0.0,1.4,258235
NOAA20084014301,2008,OK,40143,Tulsa,Thunderstorm Wind,72.4,0.0,0.0,5.9,4510
NOAA20084105103,2008,OR,41051,Multnomah,Thunderstorm Wind,74.9,0.0,0.0,5.0,91342
NOAA20084105106,2008,OR,41051,Multnomah,Flash Flood,25.3,0.0,0.0,11.3,3332
NOAA20084210100,2008,PA,42101,Philadelphia,Thunderstorm Wind,62.7,0.0,0.0,11.0,12708
NOAA20084504503,2008,SC,45045,Greenville,Thunderstorm Wind,92.1,0.0,0.0,10.9,160972
NOAA20084715702,2008,TN,47157,Shelby,Hail,72.8,1.06,0.0,6.6,589885
NOAA20084715705,2008,TN,47157,Shelby,Hail,86.7,0.83,0.0,4.5,5546
NOAA20084811302,2008,TX,48113,Dallas,Thunderstorm Wind,91.9,0.0,0.0,2.3,161271
NOAA20084820102,2008,TX,48201,Harris,Thunderstorm Wind,112.9,0.0,0.0,4.8,146790
NOAA20084843904,2008,TX,48439,Tarrant,Thunderstorm Wind,123.0,0.0,0.0,4.1,44906
NOAA20084843906,2008,TX,48439,Tarrant,Thunderstorm Wind,53.0,0.0,0.0,1.6,7578
NOAA20084903501,2008,UT,49035,Salt Lake,Thunderstorm Wind,56.4,0.0,0.0,0.8,33554
NOAA20084903504,2008,UT,49035,Salt Lake,Winter Storm,9.8,0.0,0.0,9.4,499
NOAA20085105903,2008,VA,51059,Fairfax,Winter Storm,41.3,0.0,0.0,11.2,19914
NOAA20085303300,2008,WA,53033,King,Flash Flood,60.5,0.0,0.16,10.7,15170
NOAA20085507905,2008,WI,55079,Milwaukee,Thunderstorm Wind,62.3,0.0,0.0,3.6,11170
NOAA20090109707,2009,AL,1097,Mobile,Hurricane (Typhoon),90.8,0.0,2.56,3.9,59270
NOAA20090109709,2009,AL,1097,Mobile,Thunderstorm Wind,82.4,0.0,0.0,10.1,39986
NOAA20090511911,2009,AR,5119,Pulaski,Hail,83.2,0.99,0.0,6.4,205041
NOAA20090401301,2009,AZ,4013,Maricopa,Flash Flood,0.0,0.0,0.0,2.4,0
NOAA20090401309,2009,AZ,4013,Maricopa,Flash Flood,44.6,0.0,0.0,5.1,12720
NOAA20090401311,2009,AZ,4013,Maricopa,Flash Flood,0.0,0.0,1.37,9.2,0
NOAA20090603701,2009,CA,6037,Los Angeles,Thunderstorm Wind,52.0,0.0,0.0,5.7,15280
NOAA20090603707,2009,CA,6037,Los Angeles,Thunderstorm Wind,0.0,0.0,0.0,5.8,0
NOAA20090804100,2009,CO,8041,El Paso,Tornado,67.4,1.93,0.0,10.8,14764
NOAA20090804106,2009,CO,8041,El Paso,Hail,71.1,2.74,0.0,2.0,27771
NOAA20091209500,2009,FL,12095,Orange,Flash Flood,77.9,0.0,1.77,6.2,56034
NOAA20091209507,2009,FL,12095,Orange,Thunderstorm Wind,136.1,0.0,0.0,8.9,80537
NOAA20091308902,2009,GA,13089,DeKalb,Tornado,72.7,1.29,0.0,9.5,127447
NOAA20091915303,2009,IA,19153,Polk,Tornado,111.2,1.51,0.0,8.5,9413
NOAA20091703109,2009,IL,17031,Cook,Flash Flood,66.9,0.0,0.92,6.1,15761
NOAA20091703110,2009,IL,17031,Cook,Flash Flood,62.8,0.0,1.52,3.1,4218
NOAA20091703111,2009,IL,17031,Cook,Winter Storm,57.9,0.0,0.0,2.6,423364
NOAA20091809700,2009,IN,18097,Marion,Thunderstorm Wind,54.2,0.0,0.0,9.4,18036
NOAA20092017304,2009,KS,20173,Sedgwick,Tornado,71.8,3.34,0.0,4.4,17395
NOAA20092207100,2009,LA,22071,Orleans,Flash Flood,106.0,0.0,3.93,3.7,27419
NOAA20092608106,2009,MI,26081,Kent,Winter Storm,81.0,0.0,0.0,6.6,23980
NOAA20092608108,2009,MI,26081,Kent,Winter Storm,37.5,0.0,0.0,3.2,18228
NOAA20092700303,2009,MN,27003,Anoka,Thunderstorm Wind,72.6,0.0,0.0,11.1,86043
NOAA20092705302,2009,MN,27053,Hennepin,Hail,84.5,1.09,0.0,2.3,113928
NOAA20092909509,2009,MO,29095,Jackson,Hail,59.3,2.11,0.0,11.1,54089
NOAA20092804901,2009,MS,28049,Hinds,Hail,88.8,2.46,0.0,0.5,50418
NOAA20093711903,2009,NC,37119,Mecklenburg,Thunderstorm Wind,104.9,0.0,0.0,8.1,46194
NOAA20093105504,2009,NE,31055,Douglas,Hail,67.6,2.49,0.0,11.8,164903
NOAA20093105505,2009,NE,31055,Douglas,Tornado,76.5,2.69,0.0,5.6,4633
NOAA20093401303,2009,NJ,34013,Essex,Flash Flood,51.3,0.0,1.55,3.8,18541
NOAA20093200300,2009,NV,32003,Clark,Winter Storm,70.8,0.0,0.0,3.3,27693
NOAA20093605903,2009,NY,36059,Nassau,Winter Storm,91.4,0.0,0.0,9.4,27968
NOAA20093610300,2009,NY,36103,Suffolk,Winter Storm,89.1,0.0,0.0,9.4,223055
NOAA20093904903,2009,OH,39049,Franklin,Thunderstorm Wind,121.0,0.0,0.0,2.7,10886
NOAA20093904904,2009,OH,39049,Franklin,Tornado,107.5,1.65,0.0,11.0,105556
NOAA20094010900,2009,OK,40109,Oklahoma,Hail,97.6,2.14,0.0,5.9,39728
NOAA20094105101,2009,OR,41051,Multnomah,Winter Storm,16.0,0.0,0.0,7.9,10080
NOAA20094105104,2009,OR,41051,Multnomah,Thunderstorm Wind,49.9,0.0,0.0,7.3,4836
NOAA20094210102,2009,PA,42101,Philadelphia,Thunderstorm Wind,24.6,0.0,0.0,4.1,65786
NOAA20094210105,2009,PA,42101,Philadelphia,Thunderstorm Wind,73.3,0.0,0.0,9.1,49629
NOAA20094504503,2009,SC,45045,Greenville,Tornado,58.9,1.68,0.0,9.0,48670
NOAA20094715700,2009,TN,47157,Shelby,Tornado,67.5,1.89,0.0,2.0,8821
NOAA20094715704,2009,TN,47157,Shelby,Thunderstorm Wind,84.3,0.0,0.0,1.2,75076
NOAA20094802904,2009,TX,48029,Bexar,Hail,81.1,2.01,0.0,11.6,13851
NOAA20094814103,2009,TX,48141,El Paso,Thunderstorm Wind,79.9,0.0,0.0,0.9,2339
NOAA20094903504,2009,UT,49035,Salt Lake,Thunderstorm Wind,57.9,0.0,0.0,0.8,26555
NOAA20095105903,2009,VA,51059,Fairfax,Winter Storm,87.9,0.0,0.0,5.0,83020
NOAA20095303302,2009,WA,53033,King,Winter Storm,18.8,0.0,0.0,0.9,18009
NOAA20095507900,2009,WI,55079,Milwaukee,Thunderstorm Wind,122.5,0.0,0.0,11.0,15045
NOAA20095507902,2009,WI,55079,Milwaukee,Thunderstorm Wind,43.8,0.0,0.0,10.8,2907
NOAA20100107303,2010,AL,1073,Jefferson,Tornado,123.7,1.85,0.0,3.0,41217
NOAA20100511906,2010,AR,5119,Pulaski,Thunderstorm Wind,136.0,0.0,0.0,4.2,40785
NOAA20100401300,2010,AZ,4013,Maricopa,Flash Flood,61.1,0.0,0.0,2.1,12887
NOAA20100603701,2010,CA,6037,Los Angeles,Wildfire,36.3,0.0,0.0,10.8,4833
NOAA20100603703,2010,CA,6037,Los Angeles,Flash Flood,41.4,0.0,0.0,3.2,47885
NOAA20100607303,2010,CA,6073,San Diego,Thunderstorm Wind,13.3,0.0,0.0,3.3,2479
NOAA20100804108,2010,CO,8041,El Paso,Thunderstorm Wind,78.5,0.0,0.0,5.3,56879
NOAA20101205700,2010,FL,12057,Hillsborough,Thunderstorm Wind,119.7,0.0,0.0,7.9,12622
NOAA20101209505,2010,FL,12095,Orange,Flash Flood,113.1,0.0,2.94,5.4,26722
NOAA20101308904,2010,GA,13089,DeKalb,Hail,107.0,0.93,0.0,11.4,280447
NOAA20101915303,2010,IA,19153,Polk,Thunderstorm Wind,89.0,0.0,0.0,7.0,30846
NOAA20101915307,2010,IA,19153,Polk,Thunderstorm Wind,105.3,0.0,0.0,6.8,117602
NOAA20101716704,2010,IL,17167,Sangamon,Tornado,76.7,1.27,0.0,10.5,5575
NOAA20101809701,2010,IN,18097,Marion,Tornado,78.9,1.05,0.0,7.8,17455
NOAA20101809703,2010,IN,18097,Marion,Tornado,71.1,1.15,0.0,7.9,32614
NOAA20101809704,2010,IN,18097,Marion,Hail,66.8,1.59,0.0,7.7,35085
NOAA20102009101,2010,KS,20091,Johnson,Hail,123.3,1.9,0.0,9.8,103468
NOAA20102203303,2010,LA,22033,East Baton Rouge,Flash Flood,84.7,0.0,3.82,4.5,17135
NOAA20102608104,2010,MI,26081,Kent,Flash Flood,36.7,0.0,0.17,2.3,2093
NOAA20102700303,2010,MN,27003,Anoka,Thunderstorm Wind,65.5,0.0,0.0,8.0,7683
NOAA20102700306,2010,MN,27003,Anoka,Thunderstorm Wind,81.3,0.0,0.0,10.0,5696
NOAA20102909502,2010,MO,29095,Jackson,Thunderstorm Wind,75.6,0.0,0.0,11.5,29591
NOAA20102804902,2010,MS,28049,Hinds,Tornado,90.8,0.82,0.0,12.0,95749
NOAA20103711902,2010,NC,37119,Mecklenburg,Hail,90.7,1.02,0.0,4.6,12647
NOAA20103105506,2010,NE,31055,Douglas,Thunderstorm Wind,101.1,0.0,0.0,1.0,87680
NOAA20103401303,2010,NJ,34013,Essex,Winter Storm,84.3,0.0,0.0,10.3,265741
NOAA20103200302,2010,NV,32003,Clark,Thunderstorm Wind,56.3,0.0,0.0,0.7,89744
NOAA20103605901,2010,NY,36059,Nassau,Winter Storm,72.4,0.0,0.0,3.6,27321
NOAA20103605903,2010,NY,36059,Nassau,Winter Storm,61.2,0.0,0.0,8.5,8484
NOAA20103610300,2010,NY,36103,Suffolk,Flash Flood,36.0,0.0,0.0,0.6,20537
NOAA20103903502,2010,OH,39035,Cuyahoga,Flash Flood,67.0,0.0,0.31,5.4,35551
NOAA20103904900,2010,OH,39049,Franklin,Tornado,35.8,1.13,0.0,9.1,66824
NOAA20103904902,2010,OH,39049,Franklin,Tornado,98.7,2.27,0.0,11.0,101607
NOAA20104014303,2010,OK,40143,Tulsa,Thunderstorm Wind,133.5,0.0,0.0,4.8,153968
NOAA20104105100,2010,OR,41051,Multnomah,Flash Flood,38.6,0.0,0.26,3.0,49598
NOAA20104210104,2010,PA,42101,Philadelphia,Flash Flood,48.9,0.0,0.84,0.8,8756
NOAA20104504502,2010,SC,45045,Greenville,Thunderstorm Wind,81.3,0.0,0.0,7.7,98293
NOAA20104504503,2010,SC,45045,Greenville,Hail,100.3,0.86,0.0,5.9,72365
NOAA20104715702,2010,TN,47157,Shelby,Tornado,86.6,2.03,0.0,7.1,308378
NOAA20104811301,2010,TX,48113,Dallas,Hail,86.4,2.32,0.0,2.9,163343
NOAA20104811305,2010,TX,48113,Dallas,Tornado,113.6,2.98,0.0,3.9,59654
NOAA20104820103,2010,TX,48201,Harris,Thunderstorm Wind,123.1,0.0,0.0,7.6,20291
NOAA20104843901,2010,TX,48439,Tarrant,Thunderstorm Wind,74.8,0.0,0.0,1.6,275025
NOAA20104843906,2010,TX,48439,Tarrant,Tornado,69.5,1.98,0.0,4.5,70967
NOAA20104843907,2010,TX,48439,Tarrant,Tornado,104.6,2.66,0.0,11.9,27565
NOAA20104903502,2010,UT,49035,Salt Lake,Winter Storm,30.7,0.0,0.0,10.0,11894
NOAA20104903503,2010,UT,49035,Salt Lake,Thunderstorm Wind,31.0,0.0,0.0,0.8,5686
NOAA20105105903,2010,VA,51059,Fairfax,Winter Storm,69.5,0.0,0.0,4.0,10211
NOAA20105303301,2010,WA,53033,King,Flash Flood,30.5,0.0,0.11,5.8,56288
NOAA20105507903,2010,WI,55079,Milwaukee,Winter Storm,33.4,0.0,0.0,5.8,13528
NOAA20110109703,2011,AL,1097,Mobile,Thunderstorm Wind,110.4,0.0,0.0,4.0,16405
NOAA20110109707,2011,AL,1097,Mobile,Thunderstorm Wind,133.6,0.0,0.0,5.7,34580
NOAA20110511901,2011,AR,5119,Pulaski,Thunderstorm Wind,126.6,0.0,0.0,6.0,53970
NOAA20110401302,2011,AZ,4013,Maricopa,Thunderstorm Wind,0.0,0.0,0.0,6.9,4
NOAA20110603702,2011,CA,6037,Los Angeles,Flash Flood,49.8,0.0,0.0,2.9,32509
NOAA20110607315,2011,CA,6073,San Diego,Flash Flood,21.4,0.0,0.33,3.3,20657
NOAA20110803103,2011,CO,8031,Denver,Thunderstorm Wind,83.6,0.0,0.0,11.1,176521
NOAA20111208601,2011,FL,12086,Miami-Dade,Flash Flood,145.2,0.0,2.53,9.0,38819
NOAA20111308901,2011,GA,13089,DeKalb,Thunderstorm Wind,110.8,0.0,0.0,5.0,279899
NOAA20111915302,2011,IA,19153,Polk,Tornado,90.0,1.59,0.0,3.7,15439
NOAA20111915308,2011,IA,19153,Polk,Tornado,36.5,3.08,0.0,6.1,67603
NOAA20111703109,2011,IL,17031,Cook,Winter Storm,43.0,0.0,0.0,5.1,60624
NOAA20111703110,2011,IL,17031,Cook,Flash Flood,70.1,0.0,0.0,8.4,15587
NOAA20111809700,2011,IN,18097,Marion,Tornado,109.0,2.02,0.0,11.7,6761
NOAA20111809701,2011,IN,18097,Marion,Thunderstorm Wind,64.9,0.0,0.0,1.9,57908
NOAA20112009101,2011,KS,20091,Johnson,Hail,105.3,3.52,0.0,5.1,119380
NOAA20112009103,2011,KS,20091,Johnson,Tornado,103.8,1.86,0.0,7.1,584936
NOAA20112017305,2011,KS,20173,Sedgwick,Thunderstorm Wind,81.4,0.0,0.0,4.4,75753
NOAA20112207107,2011,LA,22071,Orleans,Flash Flood,120.6,0.0,3.31,6.3,102368
NOAA20112608101,2011,MI,26081,Kent,Winter Storm,56.5,0.0,0.0,5.8,10691
NOAA20112700302,2011,MN,27003,Anoka,Hail,85.8,1.17,0.0,9.1,9921
NOAA20112705308,2011,MN,27053,Hennepin,Tornado,25.8,1.87,0.0,9.8,12125
NOAA20112909500,2011,MO,29095,Jackson,Hail,101.5,2.62,0.0,11.9,96524
NOAA20112804901,2011,MS,28049,Hinds,Tornado,122.2,2.27,0.0,6.6,40462
NOAA20113711902,2011,NC,37119,Mecklenburg,Tornado,89.4,0.21,0.0,9.4,43170
NOAA20113105502,2011,NE,31055,Douglas,Hail,96.3,1.23,0.0,11.6,294504
NOAA20113105503,2011,NE,31055,Douglas,Tornado,106.1,2.15,0.0,4.4,77312
NOAA20113105505,2011,NE,31055,Douglas,Tornado,105.6,2.51,0.0,6.8,71697
NOAA20113401311,2011,NJ,34013,Essex,Winter Storm,20.6,0.0,0.0,10.7,5185
NOAA20113200306,2011,NV,32003,Clark,Thunderstorm Wind,25.5,0.0,0.0,7.4,2385
NOAA20113602905,2011,NY,36029,Erie,Winter Storm,59.9,0.0,0.0,5.3,93317
NOAA20113602907,2011,NY,36029,Erie,Thunderstorm Wind,45.1,0.0,0.0,3.0,6252
NOAA20113605904,2011,NY,36059,Nassau,Flash Flood,52.3,0.0,0.0,0.5,50946
NOAA20113610300,2011,NY,36103,Suffolk,Flash Flood,59.4,0.0,1.87,6.6,82159
NOAA20113904904,2011,OH,39049,Franklin,Hail,56.4,0.07,0.0,9.2,40255
NOAA20114010902,2011,OK,40109,Oklahoma,Thunderstorm Wind,100.0,0.0,0.0,0.7,121657
NOAA20114010904,2011,OK,40109,Oklahoma,Thunderstorm Wind,141.8,0.0,0.0,7.2,31589
NOAA20114014304,2011,OK,40143,Tulsa,Hail,147.9,2.47,0.0,3.1,83199
NOAA20114105100,2011,OR,41051,Multnomah,Thunderstorm Wind,59.0,0.0,0.0,7.1,59381
NOAA20114210100,2011,PA,42101,Philadelphia,Thunderstorm Wind,63.5,0.0,0.0,7.7,90930
NOAA20114504502,2011,SC,45045,Greenville,Thunderstorm Wind,74.6,0.0,0.0,8.8,2251
NOAA20114504503,2011,SC,45045,Greenville,Thunderstorm Wind,108.5,0.0,0.0,2.2,12433
NOAA20114703700,2011,TN,47037,Davidson,Tornado,106.4,1.1,0.0,2.4,81533
NOAA20114802902,2011,TX,48029,Bexar,Thunderstorm Wind,104.7,0.0,0.0,8.2,83848
NOAA20114814103,2011,TX,48141,El Paso,Flash Flood,37.4,0.0,0.0,3.3,20256
NOAA20114843901,2011,TX,48439,Tarrant,Tornado,81.5,2.02,0.0,1.7,32081
NOAA20114903508,2011,UT,49035,Salt Lake,Flash Flood,50.8,0.0,0.0,0.7,100842
NOAA20115105905,2011,VA,51059,Fairfax,Winter Storm,73.5,0.0,0.0,3.0,7245
NOAA20115303300,2011,WA,53033,King,Thunderstorm Wind,30.5,0.0,0.0,5.9,58433
NOAA20115507902,2011,WI,55079,Milwaukee,Thunderstorm Wind,93.0,0.0,0.0,7.4,13804
NOAA20120109700,2012,AL,1097,Mobile,Thunderstorm Wind,112.4,0.0,0.0,9.8,256021
NOAA20120109704,2012,AL,1097,Mobile,Hurricane (Typhoon),120.3,0.0,2.4,10.4,204936
NOAA20120511901,2012,AR,5119,Pulaski,Thunderstorm Wind,110.6,0.0,0.0,11.6,88803
NOAA20120511902,2012,AR,5119,Pulaski,Tornado,106.2,0.28,0.0,11.2,4510
NOAA20120401308,2012,AZ,4013,Maricopa,Flash Flood,89.9,0.0,1.42,4.6,156208
NOAA20120401310,2012,AZ,4013,Maricopa,Flash Flood,89.5,0.0,0.0,4.8,8943
NOAA20120603701,2012,CA,6037,Los Angeles,Flash Flood,67.1,0.0,0.0,11.5,18719
NOAA20120803104,2012,CO,8031,Denver,Thunderstorm Wind,108.1,0.0,0.0,7.4,10945
NOAA20121209500,2012,FL,12095,Orange,Flash Flood,107.6,0.0,3.63,8.3,86292
NOAA20121308903,2012,GA,13089,DeKalb,Tornado,78.9,1.28,0.0,5.7,59136
NOAA20121915303,2012,IA,19153,Polk,Tornado,87.8,2.31,0.0,8.1,4747
NOAA20121915305,2012,IA,19153,Polk,Hail,84.3,2.18,0.0,10.5,15879
NOAA20121703101,2012,IL,17031,Cook,Winter Storm,37.6,0.0,0.0,3.1,15312
NOAA20121703105,2012,IL,17031,Cook,Thunderstorm Wind,45.8,0.0,0.0,8.2,14478
NOAA20121809704,2012,IN,18097,Marion,Hail,64.7,1.87,0.0,0.7,8357
NOAA20122009102,2012,KS,20091,Johnson,Hail,96.0,2.53,0.0,7.5,172581
NOAA20122017311,2012,KS,20173,Sedgwick,Tornado,49.9,2.07,0.0,10.6,551037
NOAA20122203302,2012,LA,22033,East Baton Rouge,Hurricane (Typhoon),121.8,0.0,2.97,7.3,95466
NOAA20122608100,2012,MI,26081,Kent,Thunderstorm Wind,45.1,0.0,0.0,11.9,46030
NOAA20122705302,2012,MN,27053,Hennepin,Thunderstorm Wind,57.3,0.0,0.0,11.3,114110
NOAA20122909503,2012,MO,29095,Jackson,Hail,95.4,1.16,0.0,7.6,12147
NOAA20122804910,2012,MS,28049,Hinds,Thunderstorm Wind,67.8,0.0,0.0,7.3,191123
NOAA20123711900,2012,NC,37119,Mecklenburg,Tornado,108.3,0.54,0.0,11.8,41472
NOAA20123105506,2012,NE,31055,Douglas,Tornado,103.4,2.95,0.0,2.2,25006
NOAA20123401302,2012,NJ,34013,Essex,Flash Flood,49.9,0.0,1.77,7.7,74588
NOAA20123200305,2012,NV,32003,Clark,Flash Flood,66.4,0.0,1.19,3.2,14458
NOAA20123200307,2012,NV,32003,Clark,Thunderstorm Wind,12.9,0.0,0.0,6.5,5323
NOAA20123605906,2012,NY,36059,Nassau,Thunderstorm Wind,73.0,0.0,0.0,4.6,43671
NOAA20123610301,2012,NY,36103,Suffolk,Winter Storm,89.0,0.0,0.0,10.6,77487
NOAA20123610306,2012,NY,36103,Suffolk,Thunderstorm Wind,57.1,0.0,0.0,11.3,176389
NOAA20123903505,2012,OH,39035,Cuyahoga,Flash Flood,42.9,0.0,1.12,10.6,2187
NOAA20123904904,2012,OH,39049,Franklin,Tornado,53.2,2.15,0.0,9.3,6967
NOAA20124010904,2012,OK,40109,Oklahoma,Hail,137.4,4.0,0.0,8.6,138717
NOAA20124010907,2012,OK,40109,Oklahoma,Thunderstorm Wind,102.9,0.0,0.0,11.5,79236
NOAA20124014303,2012,OK,40143,Tulsa,Tornado,106.2,2.09,0.0,4.5,258696
NOAA20124014304,2012,OK,40143,Tulsa,Thunderstorm Wind,95.5,0.0,0.0,3.4,28242
NOAA20124105103,2012,OR,41051,Multnomah,Flash Flood,27.8,0.0,0.26,11.6,3473
NOAA20124105104,2012,OR,41051,Multnomah,Flash Flood,46.9,0.0,0.33,9.1,2899
NOAA20124210102,2012,PA,42101,Philadelphia,Winter Storm,51.0,0.0,0.0,4.2,45564
NOAA20124504501,2012,SC,45045,Greenville,Tornado,74.5,0.61,0.0,11.0,60834
NOAA20124715703,2012,TN,47157,Shelby,Tornado,122.9,0.94,0.0,9.0,51123
NOAA20124811300,2012,TX,48113,Dallas,Tornado,96.6,4.29,0.0,11.0,13355
NOAA20124820105,2012,TX,48201,Harris,Thunderstorm Wind,119.2,0.0,0.0,2.8,58735
NOAA20124903500,2012,UT,49035,Salt Lake,Winter Storm,43.7,0.0,0.0,1.1,17585
NOAA20125105900,2012,VA,51059,Fairfax,Thunderstorm Wind,37.4,0.0,0.0,11.0,22671
NOAA20125105902,2012,VA,51059,Fairfax,Thunderstorm Wind,33.1,0.0,0.0,3.5,7963
NOAA20125303302,2012,WA,53033,King,Thunderstorm Wind,39.1,0.0,0.0,4.3,129506
NOAA20125507901,2012,WI,55079,Milwaukee,Thunderstorm Wind,89.0,0.0,0.0,1.4,46338
NOAA20125507903,2012,WI,55079,Milwaukee,Winter Storm,47.2,0.0,0.0,4.5,3440
NOAA20125507905,2012,WI,55079,Milwaukee,Thunderstorm Wind,52.2,0.0,0.0,3.6,6627
NOAA20130107302,2013,AL,1073,Jefferson,Tornado,111.8,1.44,0.0,9.7,23342
NOAA20130107306,2013,AL,1073,Jefferson,Tornado,60.6,1.15,0.0,2.7,79181
NOAA20130109703,2013,AL,1097,Mobile,Flash Flood,107.1,0.0,1.08,8.4,98527
NOAA20130109706,2013,AL,1097,Mobile,Hurricane (Typhoon),135.8,0.0,1.11,4.1,47290
NOAA20130511901,2013,AR,5119,Pulaski,Thunderstorm Wind,123.1,0.0,0.0,9.2,39206
NOAA20130401306,2013,AZ,4013,Maricopa,Thunderstorm Wind,52.6,0.0,0.0,4.0,20026
NOAA20130603702,2013,CA,6037,Los Angeles,Wildfire,91.8,0.0,0.0,3.2,46984
NOAA20130803106,2013,CO,8031,Denver,Thunderstorm Wind,57.0,0.0,0.0,2.0,31644
NOAA20130803109,2013,CO,8031,Denver,Hail,66.0,2.93,0.0,10.0,177398
NOAA20130804102,2013,CO,8041,El Paso,Tornado,47.3,2.45,0.0,10.2,15486
NOAA20131209504,2013,FL,12095,Orange,Flash Flood,137.9,0.0,2.39,9.3,585429
NOAA20131308900,2013,GA,13089,DeKalb,Tornado,74.4,1.83,0.0,7.1,63600
NOAA20131915300,2013,IA,19153,Polk,Tornado,122.0,2.31,0.0,8.0,18450
NOAA20131915305,2013,IA,19153,Polk,Thunderstorm Wind,89.6,0.0,0.0,7.4,21633
NOAA20131716703,2013,IL,17167,Sangamon,Thunderstorm Wind,31.0,0.0,0.0,4.6,17905
NOAA20131716704,2013,IL,17167,Sangamon,Thunderstorm Wind,95.1,0.0,0.0,1.7,34979
NOAA20131809700,2013,IN,18097,Marion,Tornado,74.4,1.4,0.0,3.1,8067
NOAA20132009103,2013,KS,20091,Johnson,Thunderstorm Wind,88.3,0.0,0.0,10.9,437720
NOAA20132017300,2013,KS,20173,Sedgwick,Tornado,111.3,1.9,0.0,9.9,174795
NOAA20132017302,2013,KS,20173,Sedgwick,Hail,55.5,3.41,0.0,8.6,61081
NOAA20132017303,2013,KS,20173,Sedgwick,Thunderstorm Wind,60.8,0.0,0.0,3.5,123077
NOAA20132203305,2013,LA,22033,East Baton Rouge,Hurricane (Typhoon),113.2,0.0,2.04,4.1,3932
NOAA20132207107,2013,LA,22071,Orleans,Thunderstorm Wind,73.6,0.0,0.0,2.9,62118
NOAA20132608109,2013,MI,26081,Kent,Flash Flood,34.8,0.0,0.0,8.4,3314
NOAA20132700300,2013,MN,27003,Anoka,Hail,114.3,1.22,0.0,10.5,208734
NOAA20132909503,2013,MO,29095,Jackson,Hail,104.5,1.62,0.0,10.6,67621
NOAA20132804904,2013,MS,28049,Hinds,Tornado,82.0,1.73,0.0,8.6,9553
NOAA20132804907,2013,MS,28049,Hinds,Tornado,71.0,1.01,0.0,9.1,405564
NOAA20133711902,2013,NC,37119,Mecklenburg,Hail,83.9,1.56,0.0,11.6,1959
NOAA20133105503,2013,NE,31055,Douglas,Hail,81.2,1.69,0.0,12.0,47584
NOAA20133105507,2013,NE,31055,Douglas,Thunderstorm Wind,94.8,0.0,0.0,11.4,143700
NOAA20133401302,2013,NJ,34013,Essex,Thunderstorm Wind,23.9,0.0,0.0,4.4,35069
NOAA20133200302,2013,NV,32003,Clark,Winter Storm,72.2,0.0,0.0,6.8,17338
NOAA20133602905,2013,NY,36029,Erie,Winter Storm,53.0,0.0,0.0,11.2,30780
NOAA20133605901,2013,NY,36059,Nassau,Thunderstorm Wind,28.0,0.0,0.0,4.9,4255
NOAA20133605904,2013,NY,36059,Nassau,Winter Storm,23.5,0.0,0.0,9.1,1640
NOAA20133903502,2013,OH,39035,Cuyahoga,Flash Flood,37.0,0.0,1.15,6.6,46816
NOAA20133904900,2013,OH,39049,Franklin,Thunderstorm Wind,48.2,0.0,0.0,11.0,10001
NOAA20133904902,2013,OH,39049,Franklin,Tornado,84.8,0.62,0.0,7.9,36275
NOAA20134014302,2013,OK,40143,Tulsa,Thunderstorm Wind,107.1,0.0,0.0,7.7,104382
NOAA20134105102,2013,OR,41051,Multnomah,Flash Flood,90.7,0.0,0.98,9.7,72920
NOAA20134105103,2013,OR,41051,Multnomah,Thunderstorm Wind,6.6,0.0,0.0,0.8,4394
NOAA20134210103,2013,PA,42101,Philadelphia,Thunderstorm Wind,40.6,0.0,0.0,6.3,7334
NOAA20134504501,2013,SC,45045,Greenville,Thunderstorm Wind,52.7,0.0,0.0,1.1,28104
NOAA20134715702,2013,TN,47157,Shelby,Thunderstorm Wind,57.2,0.0,0.0,5.1,14109
NOAA20134802903,2013,TX,48029,Bexar,Tornado,56.3,2.84,0.0,3.9,47364
NOAA20134903502,2013,UT,49035,Salt Lake,Winter Storm,59.0,0.0,0.0,6.3,8311
NOAA20135105906,2013,VA,51059,Fairfax,Thunderstorm Wind,77.7,0.0,0.0,7.5,33273
NOAA20135303303,2013,WA,53033,King,Winter Storm,70.0,0.0,0.0,4.1,10799
NOAA20135507901,2013,WI,55079,Milwaukee,Flash Flood,50.0,0.0,0.29,10.4,43307
NOAA20140109703,2014,AL,1097,Mobile,Hurricane (Typhoon),110.8,0.0,2.26,11.2,243631
NOAA20140109705,2014,AL,1097,Mobile,Flash Flood,154.8,0.0,0.18,10.4,96655
NOAA20140511904,2014,AR,5119,Pulaski,Hail,119.6,1.39,0.0,11.8,59526
NOAA20140511905,2014,AR,5119,Pulaski,Hail,118.1,2.11,0.0,7.7,102322
NOAA20140511907,2014,AR,5119,Pulaski,Thunderstorm Wind,119.7,0.0,0.0,2.5,20318
NOAA20140401306,2014,AZ,4013,Maricopa,Winter Storm,11.6,0.0,0.0,4.9,1705
NOAA20140603700,2014,CA,6037,Los Angeles,Thunderstorm Wind,72.4,0.0,0.0,7.7,11140
NOAA20140803102,2014,CO,8031,Denver,Hail,72.7,1.88,0.0,4.8,126519
NOAA20140803108,2014,CO,8031,Denver,Tornado,88.1,1.84,0.0,7.5,21940
NOAA20141209502,2014,FL,12095,Orange,Thunderstorm Wind,106.4,0.0,0.0,11.3,50482
NOAA20141308900,2014,GA,13089,DeKalb,Tornado,106.5,0.68,0.0,5.0,49866
NOAA20141308905,2014,GA,13089,DeKalb,Tornado,74.7,0.82,0.0,2.5,242237
NOAA20141915302,2014,IA,19153,Polk,Hail,134.5,2.5,0.0,6.3,107471
NOAA20141703102,2014,IL,17031,Cook,Flash Flood,36.0,0.0,1.91,1.0,522
NOAA20141809704,2014,IN,18097,Marion,Tornado,80.9,1.93,0.0,3.9,50040
NOAA20142009100,2014,KS,20091,Johnson,Thunderstorm Wind,90.7,0.0,0.0,8.3,45457
NOAA20142203305,2014,LA,22033,East Baton Rouge,Flash Flood,106.1,0.0,2.33,3.7,18460
NOAA20142203310,2014,LA,22033,East Baton Rouge,Flash Flood,117.7,0.0,1.94,7.6,24296
NOAA20142608100,2014,MI,26081,Kent,Thunderstorm Wind,96.0,0.0,0.0,3.9,11158
NOAA20142608102,2014,MI,26081,Kent,Flash Flood,77.8,0.0,0.98,11.4,10864
NOAA20142700301,2014,MN,27003,Anoka,Thunderstorm Wind,80.2,0.0,0.0,5.8,10876
NOAA20142700304,2014,MN,27003,Anoka,Tornado,76.4,1.92,0.0,9.4,39392
NOAA20142705303,2014,MN,27053,Hennepin,Hail,36.5,0.34,0.0,6.0,85060
NOAA20142909503,2014,MO,29095,Jackson,Hail,94.1,1.63,0.0,7.2,396273
NOAA20142804902,2014,MS,28049,Hinds,Thunderstorm Wind,78.6,0.0,0.0,6.9,65507
NOAA20143711904,2014,NC,37119,Mecklenburg,Thunderstorm Wind,84.7,0.0,0.0,9.6,26236
NOAA20143711907,2014,NC,37119,Mecklenburg,Tornado,89.9,1.21,0.0,8.4,68744
NOAA20143105502,2014,NE,31055,Douglas,Hail,89.3,3.14,0.0,0.9,20547
NOAA20143105503,2014,NE,31055,Douglas,Thunderstorm Wind,72.2,0.0,0.0,6.6,37061
NOAA20143401304,2014,NJ,34013,Essex,Flash Flood,49.5,0.0,0.09,5.7,25161
NOAA20143200300,2014,NV,32003,Clark,Flash Flood,35.2,0.0,0.0,9.0,11202
NOAA20143200301,2014,NV,32003,Clark,Thunderstorm Wind,16.8,0.0,0.0,9.5,37079
NOAA20143602900,2014,NY,36029,Erie,Flash Flood,30.8,0.0,0.45,2.0,1538
NOAA20143605902,2014,NY,36059,Nassau,Winter Storm,109.0,0.0,0.0,9.6,4159
NOAA20143610304,2014,NY,36103,Suffolk,Winter Storm,70.0,0.0,0.0,6.0,5362
NOAA20143903503,2014,OH,39035,Cuyahoga,Thunderstorm Wind,69.2,0.0,0.0,4.0,55305
NOAA20144014302,2014,OK,40143,Tulsa,Hail,82.1,2.33,0.0,6.4,4828
NOAA20144014306,2014,OK,40143,Tulsa,Hail,109.8,2.59,0.0,3.7,109966
NOAA20144105102,2014,OR,41051,Multnomah,Flash Flood,93.7,0.0,0.93,9.0,20911
NOAA20144210100,2014,PA,42101,Philadelphia,Winter Storm,47.8,0.0,0.0,2.2,167094
NOAA20144504503,2014,SC,45045,Greenville,Thunderstorm Wind,71.4,0.0,0.0,0.7,56910
NOAA20144715702,2014,TN,47157,Shelby,Thunderstorm Wind,98.1,0.0,0.0,10.8,137405
NOAA20144802905,2014,TX,48029,Bexar,Tornado,107.4,1.7,0.0,8.1,196106
NOAA20144814103,2014,TX,48141,El Paso,Thunderstorm Wind,8.2,0.0,0.0,7.9,30492
NOAA20144820105,2014,TX,48201,Harris,Hurricane (Typhoon),89.5,0.0,3.06,10.7,48509
NOAA20144903501,2014,UT,49035,Salt Lake,Thunderstorm Wind,63.7,0.0,0.0,3.3,14268
NOAA20145105902,2014,VA,51059,Fairfax,Winter Storm,22.2,0.0,0.0,9.9,5614
NOAA20145105910,2014,VA,51059,Fairfax,Thunderstorm Wind,50.7,0.0,0.0,4.1,4106
NOAA20145303304,2014,WA,53033,King,Flash Flood,40.8,0.0,1.33,5.0,41466
NOAA20145507907,2014,WI,55079,Milwaukee,Flash Flood,93.3,0.0,0.21,4.6,168286
NOAA20150107302,2015,AL,1073,Jefferson,Tornado,65.3,1.38,0.0,1.5,5335
NOAA20150107304,2015,AL,1073,Jefferson,Tornado,108.6,2.9,0.0,10.5,66384
NOAA20150109702,2015,AL,1097,Mobile,Flash Flood,132.2,0.0,2.78,6.8,346231
NOAA20150109704,2015,AL,1097,Mobile,Flash Flood,104.3,0.0,1.71,10.9,195935
NOAA20150511906,2015,AR,5119,Pulaski,Thunderstorm Wind,105.8,0.0,0.0,2.5,74102
NOAA20150401303,2015,AZ,4013,Maricopa,Winter Storm,34.2,0.0,0.0,2.9,1575
NOAA20150401305,2015,AZ,4013,Maricopa,Thunderstorm Wind,31.3,0.0,0.0,9.0,5379
NOAA20150603701,2015,CA,6037,Los Angeles,Thunderstorm Wind,91.0,0.0,0.0,1.4,55815
NOAA20150607305,2015,CA,6073,San Diego,Thunderstorm Wind,68.8,0.0,0.0,5.7,48850
NOAA20150804101,2015,CO,8041,El Paso,Tornado,87.7,2.38,0.0,8.1,27941
NOAA20151208600,2015,FL,12086,Miami-Dade,Flash Flood,184.5,0.0,3.59,10.1,74992
NOAA20151308900,2015,GA,13089,DeKalb,Thunderstorm Wind,82.4,0.0,0.0,4.8,308158
NOAA20151915305,2015,IA,19153,Polk,Hail,126.5,2.06,0.0,10.8,51383
NOAA20151703102,2015,IL,17031,Cook,Thunderstorm Wind,33.9,0.0,0.0,7.6,69855
NOAA20151703108,2015,IL,17031,Cook,Flash Flood,29.1,0.0,0.52,9.2,13304
NOAA20151809700,2015,IN,18097,Marion,Hail,47.1,1.42,0.0,5.3,9492
NOAA20151809701,2015,IN,18097,Marion,Hail,43.4,2.56,0.0,10.2,42414
NOAA20152009103,2015,KS,20091,Johnson,Thunderstorm Wind,108.2,0.0,0.0,2.1,385888
NOAA20152017304,2015,KS,20173,Sedgwick,Hail,108.7,3.33,0.0,0.8,115292
NOAA20152207104,2015,LA,22071,Orleans,Thunderstorm Wind,108.0,0.0,0.0,5.8,20272
NOAA20152608100,2015,MI,26081,Kent,Winter Storm,133.4,0.0,0.0,10.0,29631
NOAA20152608102,2015,MI,26081,Kent,Thunderstorm Wind,57.2,0.0,0.0,2.1,336548
NOAA20152700302,2015,MN,27003,Anoka,Hail,64.7,1.45,0.0,5.8,9016
NOAA20152909501,2015,MO,29095,Jackson,Tornado,95.8,2.6,0.0,3.0,9291
NOAA20152804901,2015,MS,28049,Hinds,Thunderstorm Wind,97.7,0.0,0.0,9.2,40649
NOAA20153711900,2015,NC,37119,Mecklenburg,Hail,105.5,1.7,0.0,4.3,74922
NOAA20153105502,2015,NE,31055,Douglas,Thunderstorm Wind,104.3,0.0,0.0,7.0,27377
NOAA20153401302,2015,NJ,34013,Essex,Flash Flood,60.7,0.0,0.0,0.6,29411
NOAA20153200301,2015,NV,32003,Clark,Thunderstorm Wind,53.1,0.0,0.0,4.8,18468
NOAA20153200303,2015,NV,32003,Clark,Winter Storm,68.5,0.0,0.0,9.2,217484
NOAA20153200304,2015,NV,32003,Clark,Winter Storm,28.9,0.0,0.0,4.0,12404
NOAA20153602902,2015,NY,36029,Erie,Thunderstorm Wind,51.6,0.0,0.0,8.7,6907
NOAA20153903503,2015,OH,39035,Cuyahoga,Thunderstorm Wind,40.7,0.0,0.0,11.1,25558
NOAA20154010901,2015,OK,40109,Oklahoma,Thunderstorm Wind,111.8,0.0,0.0,10.1,84953
NOAA20154014300,2015,OK,40143,Tulsa,Tornado,105.8,2.34,0.0,2.6,75214
NOAA20154014301,2015,OK,40143,Tulsa,Tornado,100.4,2.66,0.0,8.4,93582
NOAA20154014303,2015,OK,40143,Tulsa,Thunderstorm Wind,97.8,0.0,0.0,11.9,37028
NOAA20154105108,2015,OR,41051,Multnomah,Flash Flood,35.6,0.0,0.0,5.6,2124
NOAA20154210100,2015,PA,42101,Philadelphia,Winter Storm,74.1,0.0,0.0,6.6,161028
NOAA20154504503,2015,SC,45045,Greenville,Tornado,127.3,1.55,0.0,6.8,146862
NOAA20154703703,2015,TN,47037,Davidson,Hail,117.2,1.02,0.0,10.2,82411
NOAA20154715702,2015,TN,47157,Shelby,Tornado,84.7,2.03,0.0,7.7,21503
NOAA20154715705,2015,TN,47157,Shelby,Tornado,95.3,1.96,0.0,5.1,30576
NOAA20154802906,2015,TX,48029,Bexar,Hail,52.0,2.05,0.0,7.8,19125
NOAA20154820101,2015,TX,48201,Harris,Thunderstorm Wind,128.8,0.0,0.0,4.3,406228
NOAA20154903504,2015,UT,49035,Salt Lake,Winter Storm,35.7,0.0,0.0,3.3,12936
NOAA20155105903,2015,VA,51059,Fairfax,Flash Flood,67.4,0.0,0.0,1.0,211569
NOAA20155303305,2015,WA,53033,King,Thunderstorm Wind,17.4,0.0,0.0,2.4,8321
NOAA20155303308,2015,WA,53033,King,Winter Storm,39.1,0.0,0.0,8.5,44853
NOAA20155507904,2015,WI,55079,Milwaukee,Flash Flood,63.8,0.0,1.31,10.4,5707
NOAA20160107300,2016,AL,1073,Jefferson,Hail,86.3,2.95,0.0,3.5,61528
NOAA20160109706,2016,AL,1097,Mobile,Flash Flood,97.0,0.0,4.86,5.1,7848
NOAA20160511904,2016,AR,5119,Pulaski,Hail,102.3,1.51,0.0,0.9,80900
NOAA20160401302,2016,AZ,4013,Maricopa,Flash Flood,83.4,0.0,0.5,5.0,12474
NOAA20160607310,2016,CA,6073,San Diego,Thunderstorm Wind,19.5,0.0,0.0,2.2,39514
NOAA20160804104,2016,CO,8041,El Paso,Hail,50.6,2.9,0.0,7.8,50237
NOAA20161208602,2016,FL,12086,Miami-Dade,Flash Flood,109.8,0.0,3.57,11.9,145059
NOAA20161209501,2016,FL,12095,Orange,Flash Flood,96.6,0.0,3.2,7.6,32122
NOAA20161308904,2016,GA,13089,DeKalb,Hail,68.8,0.0,0.0,4.1,59702
NOAA20161915300,2016,IA,19153,Polk,Tornado,56.1,2.27,0.0,11.5,97079
NOAA20161915303,2016,IA,19153,Polk,Thunderstorm Wind,67.5,0.0,0.0,7.5,24235
NOAA20161915312,2016,IA,19153,Polk,Tornado,76.5,1.47,0.0,8.8,22844
NOAA20161703105,2016,IL,17031,Cook,Winter Storm,44.5,0.0,0.0,2.8,173205
NOAA20161809711,2016,IN,18097,Marion,Tornado,64.6,1.58,0.0,10.5,8008
NOAA20161809713,2016,IN,18097,Marion,Hail,74.4,2.77,0.0,9.6,29188
NOAA20162009101,2016,KS,20091,Johnson,Thunderstorm Wind,125.1,0.0,0.0,8.4,30624
NOAA20162017303,2016,KS,20173,Sedgwick,Tornado,125.5,1.98,0.0,2.7,32695
NOAA20162203302,2016,LA,22033,East Baton Rouge,Flash Flood,148.8,0.0,2.79,7.8,24394
NOAA20162203304,2016,LA,22033,East Baton Rouge,Hurricane (Typhoon),110.5,0.0,1.9,3.6,335264
NOAA20162207105,2016,LA,22071,Orleans,Flash Flood,100.2,0.0,5.09,9.6,70442
NOAA20162608104,2016,MI,26081,Kent,Thunderstorm Wind,78.6,0.0,0.0,3.7,135085
NOAA20162700303,2016,MN,27003,Anoka,Thunderstorm Wind,92.1,0.0,0.0,7.2,478297
NOAA20162705309,2016,MN,27053,Hennepin,Hail,68.3,0.88,0.0,10.0,38813
NOAA20162705312,2016,MN,27053,Hennepin,Thunderstorm Wind,83.0,0.0,0.0,11.2,38213
NOAA20162909507,2016,MO,29095,Jackson,Tornado,53.2,2.03,0.0,2.9,11688
NOAA20162804903,2016,MS,28049,Hinds,Hail,80.7,1.42,0.0,4.6,37765
NOAA20163711903,2016,NC,37119,Mecklenburg,Tornado,83.5,0.0,0.0,11.0,66704
NOAA20163105501,2016,NE,31055,Douglas,Thunderstorm Wind,91.4,0.0,0.0,1.0,10308
NOAA20163401301,2016,NJ,34013,Essex,Flash Flood,34.3,0.0,1.66,5.0,33308
NOAA20163200303,2016,NV,32003,Clark,Flash Flood,65.6,0.0,0.8,7.0,33040
NOAA20163602903,2016,NY,36029,Erie,Thunderstorm Wind,41.5,0.0,0.0,11.2,91079
NOAA20163602904,2016,NY,36029,Erie,Flash Flood,40.7,0.0,0.0,5.4,22973
NOAA20163605903,2016,NY,36059,Nassau,Thunderstorm Wind,49.3,0.0,0.0,6.4,19412
NOAA20163903504,2016,OH,39035,Cuyahoga,Winter Storm,76.0,0.0,0.0,2.2,196756
NOAA20163904902,2016,OH,39049,Franklin,Hail,57.8,1.21,0.0,4.8,45519
NOAA20164010900,2016,OK,40109,Oklahoma,Tornado,149.8,1.99,0.0,6.6,80628
NOAA20164010905,2016,OK,40109,Oklahoma,Hail,110.0,3.16,0.0,6.7,138834
NOAA20164014300,2016,OK,40143,Tulsa,Thunderstorm Wind,133.3,0.0,0.0,6.0,319015
NOAA20164105101,2016,OR,41051,Multnomah,Thunderstorm Wind,0.0,0.0,0.0,11.9,1
NOAA20164210103,2016,PA,42101,Philadelphia,Flash Flood,64.3,0.0,0.18,4.6,20682
NOAA20164504500,2016,SC,45045,Greenville,Thunderstorm Wind,70.6,0.0,0.0,5.6,10281
NOAA20164703700,2016,TN,47037,Davidson,Hail,103.6,1.09,0.0,8.2,26811
NOAA20164811306,2016,TX,48113,Dallas,Tornado,101.5,3.08,0.0,3.6,110341
NOAA20164814106,2016,TX,48141,El Paso,Thunderstorm Wind,52.8,0.0,0.0,8.5,65651
NOAA20164843904,2016,TX,48439,Tarrant,Hail,101.8,3.12,0.0,11.7,19514
NOAA20164903505,2016,UT,49035,Salt Lake,Thunderstorm Wind,90.4,0.0,0.0,4.0,119088
NOAA20164903509,2016,UT,49035,Salt Lake,Flash Flood,73.0,0.0,1.79,4.1,22573
NOAA20165105902,2016,VA,51059,Fairfax,Winter Storm,49.3,0.0,0.0,11.9,19870
NOAA20165303302,2016,WA,53033,King,Thunderstorm Wind,52.0,0.0,0.0,0.8,4318
NOAA20165507905,2016,WI,55079,Milwaukee,Thunderstorm Wind,33.7,0.0,0.0,11.1,20112
NOAA20170109703,2017,AL,1097,Mobile,Flash Flood,129.4,0.0,2.21,5.6,79496
NOAA20170109706,2017,AL,1097,Mobile,Hurricane (Typhoon),99.1,0.0,3.55,1.9,69743
NOAA20170511901,2017,AR,5119,Pulaski,Thunderstorm Wind,117.3,0.0,0.0,10.5,451019
NOAA20170401305,2017,AZ,4013,Maricopa,Flash Flood,54.0,0.0,0.02,6.4,89593
NOAA20170603701,2017,CA,6037,Los Angeles,Wildfire,39.0,0.0,0.0,5.7,6977
NOAA20170603705,2017,CA,6037,Los Angeles,Thunderstorm Wind,87.2,0.0,0.0,1.8,31755
NOAA20170804105,2017,CO,8041,El Paso,Hail,53.6,2.63,0.0,11.4,21476
NOAA20171208602,2017,FL,12086,Miami-Dade,Hurricane (Typhoon),214.8,0.0,3.65,7.4,70722
NOAA20171208603,2017,FL,12086,Miami-Dade,Flash Flood,133.8,0.0,3.41,3.0,244865
NOAA20171308902,2017,GA,13089,DeKalb,Thunderstorm Wind,90.9,0.0,0.0,7.0,5427
NOAA20171915303,2017,IA,19153,Polk,Tornado,137.0,2.97,0.0,1.0,142166
NOAA20171703102,2017,IL,17031,Cook,Thunderstorm Wind,91.9,0.0,0.0,6.4,28356
NOAA20171703107,2017,IL,17031,Cook,Thunderstorm Wind,94.6,0.0,0.0,7.6,38007
NOAA20171809700,2017,IN,18097,Marion,Hail,113.0,0.81,0.0,4.9,563993
NOAA20172017303,2017,KS,20173,Sedgwick,Hail,127.6,1.53,0.0,11.9,69767
NOAA20172017304,2017,KS,20173,Sedgwick,Tornado,79.2,2.87,0.0,5.2,7742
NOAA20172207102,2017,LA,22071,Orleans,Hurricane (Typhoon),101.1,0.0,4.38,6.6,50172
NOAA20172608102,2017,MI,26081,Kent,Flash Flood,70.0,0.0,1.27,6.0,188856
NOAA20172608107,2017,MI,26081,Kent,Flash Flood,73.8,0.0,1.45,2.9,6981
NOAA20172700306,2017,MN,27003,Anoka,Thunderstorm Wind,78.0,0.0,0.0,11.0,28376
NOAA20172700312,2017,MN,27003,Anoka,Hail,83.0,0.16,0.0,8.0,17294
NOAA20172909501,2017,MO,29095,Jackson,Thunderstorm Wind,101.6,0.0,0.0,6.2,60025
NOAA20172804906,2017,MS,28049,Hinds,Tornado,105.4,2.55,0.0,5.6,363963
NOAA20173711901,2017,NC,37119,Mecklenburg,Tornado,114.1,2.41,0.0,7.6,107240
NOAA20173105503,2017,NE,31055,Douglas,Hail,88.9,2.58,0.0,10.9,72032
NOAA20173401301,2017,NJ,34013,Essex,Thunderstorm Wind,38.4,0.0,0.0,7.1,99716
NOAA20173200309,2017,NV,32003,Clark,Winter Storm,77.9,0.0,0.0,2.0,100821
NOAA20173602903,2017,NY,36029,Erie,Flash Flood,62.2,0.0,2.82,3.5,12388
NOAA20173602909,2017,NY,36029,Erie,Winter Storm,87.7,0.0,0.0,2.7,25800
NOAA20173602910,2017,NY,36029,Erie,Flash Flood,72.7,0.0,0.22,9.6,48147
NOAA20173602914,2017,NY,36029,Erie,Thunderstorm Wind,46.8,0.0,0.0,3.1,39522
NOAA20173903502,2017,OH,39035,Cuyahoga,Flash Flood,28.4,0.0,1.22,7.0,15594
NOAA20173904903,2017,OH,39049,Franklin,Tornado,62.4,0.12,0.0,2.4,1925
NOAA20174010904,2017,OK,40109,Oklahoma,Tornado,92.3,2.19,0.0,0.6,39030
NOAA20174014302,2017,OK,40143,Tulsa,Hail,49.7,3.92,0.0,0.5,3821
NOAA20174105105,2017,OR,41051,Multnomah,Thunderstorm Wind,46.3,0.0,0.0,8.1,66243
NOAA20174210108,2017,PA,42101,Philadelphia,Flash Flood,77.4,0.0,1.16,7.9,182746
NOAA20174504500,2017,SC,45045,Greenville,Thunderstorm Wind,108.1,0.0,0.0,0.8,416773
NOAA20174504501,2017,SC,45045,Greenville,Hail,70.3,1.52,0.0,7.4,8777
NOAA20174715705,2017,TN,47157,Shelby,Thunderstorm Wind,70.9,0.0,0.0,10.2,12652
NOAA20174802902,2017,TX,48029,Bexar,Tornado,76.5,2.94,0.0,2.8,14233
NOAA20174802905,2017,TX,48029,Bexar,Hail,94.7,2.62,0.0,10.8,18275
NOAA20174802906,2017,TX,48029,Bexar,Tornado,117.9,2.44,0.0,3.3,28006
NOAA20174843908,2017,TX,48439,Tarrant,Thunderstorm Wind,134.2,0.0,0.0,5.3,8906
NOAA20174903505,2017,UT,49035,Salt Lake,Flash Flood,31.2,0.0,1.33,4.1,23952
NOAA20175105902,2017,VA,51059,Fairfax,Thunderstorm Wind,60.6,0.0,0.0,0.8,9088
NOAA20175105903,2017,VA,51059,Fairfax,Flash Flood,76.5,0.0,1.5,6.9,43913
NOAA20175105908,2017,VA,51059,Fairfax,Flash Flood,48.2,0.0,1.27,10.5,9705
NOAA20175303300,2017,WA,53033,King,Thunderstorm Wind,32.8,0.0,0.0,4.5,8373
NOAA20175507904,2017,WI,55079,Milwaukee,Winter Storm,85.9,0.0,0.0,3.7,22684
NOAA20180107304,2018,AL,1073,Jefferson,Hail,106.8,1.92,0.0,11.6,64729
NOAA20180511902,2018,AR,5119,Pulaski,Hail,80.9,1.39,0.0,11.3,38209
NOAA20180401305,2018,AZ,4013,Maricopa,Thunderstorm Wind,54.1,0.0,0.0,2.2,11815
NOAA20180607303,2018,CA,6073,San Diego,Winter Storm,53.5,0.0,0.0,4.2,76889
NOAA20180803103,2018,CO,8031,Denver,Thunderstorm Wind,45.7,0.0,0.0,9.3,74978
NOAA20181205700,2018,FL,12057,Hillsborough,Thunderstorm Wind,154.2,0.0,0.0,3.7,217561
NOAA20181308900,2018,GA,13089,DeKalb,Tornado,101.3,1.05,0.0,5.4,23498
NOAA20181915304,2018,IA,19153,Polk,Hail,99.5,2.04,0.0,5.5,37574
NOAA20181703106,2018,IL,17031,Cook,Flash Flood,90.3,0.0,0.0,5.4,92468
NOAA20181809705,2018,IN,18097,Marion,Thunderstorm Wind,112.4,0.0,0.0,10.3,100485
NOAA20182009102,2018,KS,20091,Johnson,Hail,143.2,1.0,0.0,4.3,13621
NOAA20182009103,2018,KS,20091,Johnson,Hail,98.3,2.63,0.0,6.9,37543
NOAA20182009107,2018,KS,20091,Johnson,Hail,91.2,3.39,0.0,2.7,49081
NOAA20182017306,2018,KS,20173,Sedgwick,Tornado,107.7,3.18,0.0,11.4,16524
NOAA20182203302,2018,LA,22033,East Baton Rouge,Hurricane (Typhoon),127.8,0.0,3.27,8.6,190614
NOAA20182608103,2018,MI,26081,Kent,Thunderstorm Wind,64.2,0.0,0.0,11.4,41395
NOAA20182700305,2018,MN,27003,Anoka,Thunderstorm Wind,96.2,0.0,0.0,9.6,118282
NOAA20182705301,2018,MN,27053,Hennepin,Tornado,83.7,1.28,0.0,8.3,17880
NOAA20182705305,2018,MN,27053,Hennepin,Tornado,105.2,0.83,0.0,2.2,40095
NOAA20182705307,2018,MN,27053,Hennepin,Tornado,107.3,0.99,0.0,10.3,120556
NOAA20182909500,2018,MO,29095,Jackson,Hail,119.8,1.83,0.0,9.9,32964
NOAA20182804907,2018,MS,28049,Hinds,Tornado,163.9,2.86,0.0,11.3,321159
NOAA20183711900,2018,NC,37119,Mecklenburg,Thunderstorm Wind,56.6,0.0,0.0,4.5,23111
NOAA20183711901,2018,NC,37119,Mecklenburg,Thunderstorm Wind,88.5,0.0,0.0,11.9,112718
NOAA20183105501,2018,NE,31055,Douglas,Hail,68.5,2.4,0.0,7.9,13498
NOAA20183401301,2018,NJ,34013,Essex,Winter Storm,56.5,0.0,0.0,11.3,18908
NOAA20183200301,2018,NV,32003,Clark,Flash Flood,52.5,0.0,0.42,5.9,26059
NOAA20183200306,2018,NV,32003,Clark,Flash Flood,20.1,0.0,1.44,8.9,6851
NOAA20183200307,2018,NV,32003,Clark,Thunderstorm Wind,22.5,0.0,0.0,9.4,16902
NOAA20183602902,2018,NY,36029,Erie,Winter Storm,43.4,0.0,0.0,6.3,12665
NOAA20183610304,2018,NY,36103,Suffolk,Winter Storm,53.0,0.0,0.0,3.4,6790
NOAA20183610305,2018,NY,36103,Suffolk,Winter Storm,73.6,0.0,0.0,8.1,22387
NOAA20183904900,2018,OH,39049,Franklin,Tornado,50.8,1.67,0.0,1.2,15037
NOAA20183904907,2018,OH,39049,Franklin,Thunderstorm Wind,97.3,0.0,0.0,0.8,80666
NOAA20184014307,2018,OK,40143,Tulsa,Tornado,137.5,1.74,0.0,8.4,97045
NOAA20184105101,2018,OR,41051,Multnomah,Winter Storm,57.1,0.0,0.0,3.0,96945
NOAA20184105105,2018,OR,41051,Multnomah,Thunderstorm Wind,71.8,0.0,0.0,9.1,8935
NOAA20184210102,2018,PA,42101,Philadelphia,Flash Flood,61.4,0.0,1.01,9.7,60304
NOAA20184504503,2018,SC,45045,Greenville,Hail,107.9,0.05,0.0,6.7,888518
NOAA20184703705,2018,TN,47037,Davidson,Thunderstorm Wind,82.8,0.0,0.0,10.7,165878
NOAA20184802901,2018,TX,48029,Bexar,Hail,98.3,2.4,0.0,0.7,50331
NOAA20184802906,2018,TX,48029,Bexar,Tornado,103.5,2.12,0.0,3.6,6269
NOAA20184814103,2018,TX,48141,El Paso,Winter Storm,83.4,0.0,0.0,3.9,29712
NOAA20184903501,2018,UT,49035,Salt Lake,Winter Storm,26.2,0.0,0.0,5.8,29376
NOAA20184903503,2018,UT,49035,Salt Lake,Winter Storm,55.0,0.0,0.0,6.0,17941
NOAA20185105900,2018,VA,51059,Fairfax,Winter Storm,49.5,0.0,0.0,3.8,21743
NOAA20185105901,2018,VA,51059,Fairfax,Thunderstorm Wind,58.7,0.0,0.0,0.9,51250
NOAA20185303305,2018,WA,53033,King,Thunderstorm Wind,69.2,0.0,0.0,7.4,13056
NOAA20185303306,2018,WA,53033,King,Flash Flood,30.2,0.0,0.0,2.9,52501
NOAA20185507903,2018,WI,55079,Milwaukee,Thunderstorm Wind,43.1,0.0,0.0,7.9,5143
NOAA20190109701,2019,AL,1097,Mobile,Hurricane (Typhoon),83.3,0.0,3.08,4.3,135317
NOAA20190109703,2019,AL,1097,Mobile,Thunderstorm Wind,119.9,0.0,0.0,5.8,13199
NOAA20190511900,2019,AR,5119,Pulaski,Tornado,103.4,2.23,0.0,11.4,34254
NOAA20190511904,2019,AR,5119,Pulaski,Thunderstorm Wind,81.2,0.0,0.0,7.1,21747
NOAA20190511907,2019,AR,5119,Pulaski,Tornado,72.9,0.78,0.0,5.1,145963
NOAA20190401300,2019,AZ,4013,Maricopa,Winter Storm,56.5,0.0,0.0,6.2,73655
NOAA20190607311,2019,CA,6073,San Diego,Flash Flood,3.2,0.0,0.06,4.4,290
NOAA20190803104,2019,CO,8031,Denver,Tornado,40.1,1.98,0.0,8.9,100921
NOAA20190804111,2019,CO,8041,El Paso,Tornado,76.8,3.99,0.0,10.8,13911
NOAA20191208602,2019,FL,12086,Miami-Dade,Flash Flood,142.7,0.0,3.83,0.8,16553
NOAA20191209507,2019,FL,12095,Orange,Thunderstorm Wind,117.1,0.0,0.0,0.7,79460
NOAA20191308904,2019,GA,13089,DeKalb,Hail,62.7,1.65,0.0,6.0,39492
NOAA20191308908,2019,GA,13089,DeKalb,Hail,83.4,0.23,0.0,8.1,34623
NOAA20191915304,2019,IA,19153,Polk,Tornado,128.6,2.8,0.0,11.8,1741383
NOAA20191703102,2019,IL,17031,Cook,Flash Flood,75.8,0.0,0.0,1.2,25258
NOAA20191716701,2019,IL,17167,Sangamon,Thunderstorm Wind,91.3,0.0,0.0,8.3,14083
NOAA20191809704,2019,IN,18097,Marion,Hail,59.1,1.12,0.0,5.0,67740
NOAA20191809705,2019,IN,18097,Marion,Thunderstorm Wind,97.7,0.0,0.0,10.7,10577
NOAA20192009100,2019,KS,20091,Johnson,Thunderstorm Wind,90.4,0.0,0.0,3.7,8938
NOAA20192009105,2019,KS,20091,Johnson,Thunderstorm Wind,107.3,0.0,0.0,4.0,40438
NOAA20192203302,2019,LA,22033,East Baton Rouge,Hurricane (Typhoon),141.8,0.0,4.15,9.2,117105
NOAA20192203304,2019,LA,22033,East Baton Rouge,Thunderstorm Wind,79.8,0.0,0.0,1.2,63196
NOAA20192207100,2019,LA,22071,Orleans,Hurricane (Typhoon),121.0,0.0,3.83,11.1,205484
NOAA20192207104,2019,LA,22071,Orleans,Flash Flood,105.4,0.0,4.93,5.5,24711
NOAA20192608101,2019,MI,26081,Kent,Winter Storm,77.0,0.0,0.0,10.0,14950
NOAA20192705300,2019,MN,27053,Hennepin,Tornado,59.1,1.13,0.0,8.7,4722
NOAA20192909500,2019,MO,29095,Jackson,Thunderstorm Wind,106.4,0.0,0.0,10.4,22431
NOAA20192804902,2019,MS,28049,Hinds,Thunderstorm Wind,121.6,0.0,0.0,9.5,4296
NOAA20192804906,2019,MS,28049,Hinds,Hail,58.8,2.29,0.0,0.5,95281
NOAA20193711901,2019,NC,37119,Mecklenburg,Tornado,53.1,1.53,0.0,3.9,25639
NOAA20193105500,2019,NE,31055,Douglas,Thunderstorm Wind,82.0,0.0,0.0,4.5,144065
NOAA20193401300,2019,NJ,34013,Essex,Winter Storm,69.5,0.0,0.0,8.2,35384
NOAA20193200300,2019,NV,32003,Clark,Flash Flood,41.2,0.0,0.0,1.3,11800
NOAA20193200302,2019,NV,32003,Clark,Winter Storm,23.1,0.0,0.0,3.2,11567
NOAA20193602900,2019,NY,36029,Erie,Winter Storm,16.9,0.0,0.0,9.1,29070
NOAA20193904906,2019,OH,39049,Franklin,Thunderstorm Wind,99.6,0.0,0.0,3.2,100701
NOAA20194014304,2019,OK,40143,Tulsa,Hail,111.4,4.03,0.0,5.2,84985
NOAA20194105101,2019,OR,41051,Multnomah,Thunderstorm Wind,109.6,0.0,0.0,6.4,18670
NOAA20194210100,2019,PA,42101,Philadelphia,Winter Storm,60.7,0.0,0.0,5.5,1806
NOAA20194504500,2019,SC,45045,Greenville,Thunderstorm Wind,58.7,0.0,0.0,11.2,2880
NOAA20194703704,2019,TN,47037,Davidson,Tornado,123.6,1.84,0.0,10.7,121618
NOAA20194715701,2019,TN,47157,Shelby,Tornado,95.3,0.49,0.0,8.0,114643
NOAA20194802906,2019,TX,48029,Bexar,Hail,93.2,2.11,0.0,5.1,23702
NOAA20194811302,2019,TX,48113,Dallas,Thunderstorm Wind,88.3,0.0,0.0,5.6,20884
NOAA20194820103,2019,TX,48201,Harris,Flash Flood,112.6,0.0,2.39,11.0,12150
NOAA20194903500,2019,UT,49035,Salt Lake,Flash Flood,70.3,0.0,0.87,7.2,20462
NOAA20195105904,2019,VA,51059,Fairfax,Winter Storm,49.3,0.0,0.0,5.4,39315
NOAA20195303304,2019,WA,53033,King,Winter Storm,53.7,0.0,0.0,1.9,8656
NOAA20195303305,2019,WA,53033,King,Winter Storm,23.6,0.0,0.0,4.5,29548
NOAA20195507904,2019,WI,55079,Milwaukee,Flash Flood,66.0,0.0,1.07,9.1,67907
NOAA20200109704,2020,AL,1097,Mobile,Thunderstorm Wind,146.4,0.0,0.0,10.8,65780
NOAA20200511903,2020,AR,5119,Pulaski,Thunderstorm Wind,94.8,0.0,0.0,9.4,9170
NOAA20200511905,2020,AR,5119,Pulaski,Thunderstorm Wind,86.6,0.0,0.0,8.6,13421
NOAA20200401300,2020,AZ,4013,Maricopa,Flash Flood,54.4,0.0,0.0,6.2,38060
NOAA20200603708,2020,CA,6037,Los Angeles,Flash Flood,65.8,0.0,0.64,2.8,16859
NOAA20200803100,2020,CO,8031,Denver,Hail,62.5,3.28,0.0,0.9,42478
NOAA20201205703,2020,FL,12057,Hillsborough,Flash Flood,155.0,0.0,4.1,11.2,300442
NOAA20201205705,2020,FL,12057,Hillsborough,Thunderstorm Wind,169.7,0.0,0.0,6.3,89922
NOAA20201209501,2020,FL,12095,Orange,Hurricane (Typhoon),98.0,0.0,2.52,6.3,111692
NOAA20201308905,2020,GA,13089,DeKalb,Hail,81.9,2.17,0.0,3.6,65249
NOAA20201915300,2020,IA,19153,Polk,Hail,69.8,2.58,0.0,2.0,3333
NOAA20201716706,2020,IL,17167,Sangamon,Tornado,94.9,0.96,0.0,9.4,142040
NOAA20201716709,2020,IL,17167,Sangamon,Tornado,75.8,0.88,0.0,7.0,27521
NOAA20201809700,2020,IN,18097,Marion,Thunderstorm Wind,82.2,0.0,0.0,8.6,14010
NOAA20201809704,2020,IN,18097,Marion,Thunderstorm Wind,97.5,0.0,0.0,5.6,202367
NOAA20202009100,2020,KS,20091,Johnson,Tornado,123.2,3.16,0.0,2.5,91798
NOAA20202203300,2020,LA,22033,East Baton Rouge,Thunderstorm Wind,121.3,0.0,0.0,7.0,112795
NOAA20202203302,2020,LA,22033,East Baton Rouge,Hurricane (Typhoon),110.7,0.0,4.98,6.4,2018
NOAA20202207100,2020,LA,22071,Orleans,Hurricane (Typhoon),151.1,0.0,4.37,11.9,88097
NOAA20202608103,2020,MI,26081,Kent,Flash Flood,108.8,0.0,0.0,11.6,48137
NOAA20202700301,2020,MN,27003,Anoka,Thunderstorm Wind,81.5,0.0,0.0,7.7,134463
NOAA20202700304,2020,MN,27003,Anoka,Hail,102.7,1.83,0.0,7.0,56071
NOAA20202700310,2020,MN,27003,Anoka,Hail,82.4,0.22,0.0,5.3,14157
NOAA20202909501,2020,MO,29095,Jackson,Thunderstorm Wind,91.8,0.0,0.0,3.2,46229
NOAA20202804901,2020,MS,28049,Hinds,Hail,96.8,0.95,0.0,0.9,704060
NOAA20203711902,2020,NC,37119,Mecklenburg,Thunderstorm Wind,78.7,0.0,0.0,6.4,23031
NOAA20203105506,2020,NE,31055,Douglas,Hail,134.0,2.28,0.0,5.6,46148
NOAA20203401311,2020,NJ,34013,Essex,Thunderstorm Wind,9.0,0.0,0.0,3.8,15989
NOAA20203200305,2020,NV,32003,Clark,Flash Flood,72.8,0.0,0.0,6.1,19910
NOAA20203602910,2020,NY,36029,Erie,Thunderstorm Wind,65.2,0.0,0.0,5.0,12789
NOAA20203610306,2020,NY,36103,Suffolk,Thunderstorm Wind,6.5,0.0,0.0,3.4,1005
NOAA20203904902,2020,OH,39049,Franklin,Tornado,107.0,2.03,0.0,6.7,37620
NOAA20203904910,2020,OH,39049,Franklin,Hail,60.1,0.52,0.0,5.0,63156
NOAA20204010906,2020,OK,40109,Oklahoma,Tornado,151.0,2.24,0.0,5.9,7751
NOAA20204014306,2020,OK,40143,Tulsa,Thunderstorm Wind,113.6,0.0,0.0,11.0,144385
NOAA20204105100,2020,OR,41051,Multnomah,Flash Flood,46.1,0.0,1.75,11.7,33051
NOAA20204210101,2020,PA,42101,Philadelphia,Thunderstorm Wind,26.6,0.0,0.0,6.4,13004
NOAA20204504501,2020,SC,45045,Greenville,Tornado,90.6,0.76,0.0,10.2,60408
NOAA20204703700,2020,TN,47037,Davidson,Thunderstorm Wind,65.6,0.0,0.0,2.8,108323
NOAA20204703704,2020,TN,47037,Davidson,Hail,108.0,1.59,0.0,4.6,40933
NOAA20204715700,2020,TN,47157,Shelby,Tornado,82.7,2.12,0.0,5.6,312218
NOAA20204715708,2020,TN,47157,Shelby,Tornado,87.4,2.62,0.0,6.0,11467
NOAA20204802907,2020,TX,48029,Bexar,Hail,39.0,3.6,0.0,5.9,25687
NOAA20204820103,2020,TX,48201,Harris,Thunderstorm Wind,157.3,0.0,0.0,10.4,173639
NOAA20204820104,2020,TX,48201,Harris,Flash Flood,136.5,0.0,2.65,8.4,1123562
NOAA20204903502,2020,UT,49035,Salt Lake,Thunderstorm Wind,60.5,0.0,0.0,5.7,62739
NOAA20205105902,2020,VA,51059,Fairfax,Winter Storm,61.8,0.0,0.0,2.2,82714
NOAA20205105904,2020,VA,51059,Fairfax,Thunderstorm Wind,58.3,0.0,0.0,5.3,168140
NOAA20205303302,2020,WA,53033,King,Thunderstorm Wind,74.6,0.0,0.0,5.8,21003
NOAA20205507904,2020,WI,55079,Milwaukee,Thunderstorm Wind,84.2,0.0,0.0,8.7,16207
NOAA20210107300,2021,AL,1073,Jefferson,Hail,142.1,2.42,0.0,8.1,42263
NOAA20210511900,2021,AR,5119,Pulaski,Hail,95.1,1.83,0.0,9.8,23352
NOAA20210511902,2021,AR,5119,Pulaski,Tornado,107.9,1.66,0.0,3.6,94951
NOAA20210401303,2021,AZ,4013,Maricopa,Thunderstorm Wind,84.0,0.0,0.0,8.2,201087
NOAA20210603702,2021,CA,6037,Los Angeles,Wildfire,67.1,0.0,0.0,4.0,7646
NOAA20210603704,2021,CA,6037,Los Angeles,Wildfire,0.0,0.0,0.0,10.6,2
NOAA20210607300,2021,CA,6073,San Diego,Flash Flood,54.8,0.0,0.58,6.1,15621
NOAA20210607309,2021,CA,6073,San Diego,Flash Flood,78.3,0.0,0.86,5.3,87772
NOAA20210803101,2021,CO,8031,Denver,Thunderstorm Wind,57.6,0.0,0.0,10.9,21810
NOAA20210804100,2021,CO,8041,El Paso,Thunderstorm Wind,70.1,0.0,0.0,8.8,30659
NOAA20210804101,2021,CO,8041,El Paso,Thunderstorm Wind,75.4,0.0,0.0,2.5,15094
NOAA20210804102,2021,CO,8041,El Paso,Hail,75.3,3.1,0.0,2.6,40705
NOAA20211205708,2021,FL,12057,Hillsborough,Flash Flood,111.5,0.0,4.94,7.9,25760
NOAA20211208602,2021,FL,12086,Miami-Dade,Thunderstorm Wind,114.3,0.0,0.0,7.5,106273
NOAA20211308900,2021,GA,13089,DeKalb,Hail,82.6,1.43,0.0,8.7,19735
NOAA20211915300,2021,IA,19153,Polk,Thunderstorm Wind,70.5,0.0,0.0,1.2,87680
NOAA20211915301,2021,IA,19153,Polk,Tornado,101.1,3.07,0.0,1.3,21777
NOAA20211716700,2021,IL,17167,Sangamon,Thunderstorm Wind,117.1,0.0,0.0,2.1,526770
NOAA20211716701,2021,IL,17167,Sangamon,Hail,91.2,2.49,0.0,11.8,120597
NOAA20211809700,2021,IN,18097,Marion,Tornado,102.9,1.56,0.0,2.2,24787
NOAA20212017302,2021,KS,20173,Sedgwick,Tornado,128.9,2.55,0.0,10.2,78379
NOAA20212207104,2021,LA,22071,Orleans,Hurricane (Typhoon),146.0,0.0,5.79,1.6,55057
NOAA20212608101,2021,MI,26081,Kent,Winter Storm,79.6,0.0,0.0,4.6,53184
NOAA20212608107,2021,MI,26081,Kent,Winter Storm,45.8,0.0,0.0,11.9,78090
NOAA20212700300,2021,MN,27003,Anoka,Tornado,54.9,1.73,0.0,5.3,59602
NOAA20212909500,2021,MO,29095,Jackson,Tornado,112.6,1.73,0.0,8.5,7173
NOAA20212804909,2021,MS,28049,Hinds,Thunderstorm Wind,132.0,0.0,0.0,7.5,104999
NOAA20213711900,2021,NC,37119,Mecklenburg,Tornado,87.2,1.07,0.0,3.8,31671
NOAA20213711902,2021,NC,37119,Mecklenburg,Hail,86.5,1.32,0.0,5.9,59593
NOAA20213105505,2021,NE,31055,Douglas,Tornado,131.5,1.95,0.0,1.2,50196
NOAA20213401304,2021,NJ,34013,Essex,Thunderstorm Wind,80.0,0.0,0.0,2.7,144827
NOAA20213200301,2021,NV,32003,Clark,Winter Storm,57.0,0.0,0.0,2.6,6013
NOAA20213200303,2021,NV,32003,Clark,Flash Flood,50.7,0.0,0.0,7.0,29342
NOAA20213605900,2021,NY,36059,Nassau,Winter Storm,63.7,0.0,0.0,2.5,51121
NOAA20213904900,2021,OH,39049,Franklin,Thunderstorm Wind,83.3,0.0,0.0,2.7,21143
NOAA20214010901,2021,OK,40109,Oklahoma,Hail,144.2,2.57,0.0,8.4,22850
NOAA20214010902,2021,OK,40109,Oklahoma,Hail,54.5,3.82,0.0,8.4,131940
NOAA20214010904,2021,OK,40109,Oklahoma,Thunderstorm Wind,115.1,0.0,0.0,1.5,17273
NOAA20214105105,2021,OR,41051,Multnomah,Flash Flood,34.4,0.0,1.29,4.1,3865
NOAA20214210103,2021,PA,42101,Philadelphia,Flash Flood,76.2,0.0,0.67,11.2,68296
NOAA20214210105,2021,PA,42101,Philadelphia,Flash Flood,6.3,0.0,0.77,6.0,19093
NOAA20214504506,2021,SC,45045,Greenville,Hail,83.2,0.44,0.0,4.7,14377
NOAA20214703702,2021,TN,47037,Davidson,Thunderstorm Wind,100.0,0.0,0.0,7.6,36174
NOAA20214715707,2021,TN,47157,Shelby,Tornado,89.4,2.55,0.0,7.7,82045
NOAA20214802906,2021,TX,48029,Bexar,Tornado,116.5,3.05,0.0,11.8,149104
NOAA20214811300,2021,TX,48113,Dallas,Hail,140.0,1.99,0.0,6.6,74275
NOAA20214903507,2021,UT,49035,Salt Lake,Thunderstorm Wind,47.2,0.0,0.0,8.5,25800
NOAA20215105901,2021,VA,51059,Fairfax,Thunderstorm Wind,15.4,0.0,0.0,9.5,2311
NOAA20215303303,2021,WA,53033,King,Winter Storm,27.8,0.0,0.0,0.5,24303
NOAA20215507900,2021,WI,55079,Milwaukee,Thunderstorm Wind,57.5,0.0,0.0,7.4,5431
NOAA20220107300,2022,AL,1073,Jefferson,Thunderstorm Wind,97.6,0.0,0.0,5.2,205931
NOAA20220511904,2022,AR,5119,Pulaski,Thunderstorm Wind,106.8,0.0,0.0,7.1,24487
NOAA20220401300,2022,AZ,4013,Maricopa,Winter Storm,83.4,0.0,0.0,10.4,6338
NOAA20220607306,2022,CA,6073,San Diego,Winter Storm,57.4,0.0,0.0,8.9,31779
NOAA20220803103,2022,CO,8031,Denver,Tornado,78.8,1.83,0.0,1.5,26712
NOAA20220804105,2022,CO,8041,El Paso,Hail,82.8,3.43,0.0,2.9,95436
NOAA20220804108,2022,CO,8041,El Paso,Tornado,31.2,3.17,0.0,7.7,22929
NOAA20221209507,2022,FL,12095,Orange,Thunderstorm Wind,173.7,0.0,0.0,5.7,51532
NOAA20221308903,2022,GA,13089,DeKalb,Hail,93.5,1.87,0.0,10.9,206608
NOAA20221308904,2022,GA,13089,DeKalb,Thunderstorm Wind,93.0,0.0,0.0,11.4,37837
NOAA20221915302,2022,IA,19153,Polk,Hail,152.4,0.98,0.0,1.8,3034
NOAA20221703102,2022,IL,17031,Cook,Flash Flood,72.9,0.0,0.87,9.1,14333
NOAA20221809705,2022,IN,18097,Marion,Thunderstorm Wind,77.7,0.0,0.0,2.7,27307
NOAA20222009107,2022,KS,20091,Johnson,Thunderstorm Wind,111.9,0.0,0.0,4.2,219219
NOAA20222207100,2022,LA,22071,Orleans,Flash Flood,104.5,0.0,3.05,8.9,91723
NOAA20222608104,2022,MI,26081,Kent,Thunderstorm Wind,25.1,0.0,0.0,7.0,61849
NOAA20222608105,2022,MI,26081,Kent,Flash Flood,86.4,0.0,0.73,3.3,31093
NOAA20222705309,2022,MN,27053,Hennepin,Hail,43.2,1.2,0.0,8.4,43599
NOAA20222909501,2022,MO,29095,Jackson,Tornado,104.0,2.9,0.0,10.1,24649
NOAA20222804901,2022,MS,28049,Hinds,Hail,89.9,0.06,0.0,7.2,49490
NOAA20223711906,2022,NC,37119,Mecklenburg,Thunderstorm Wind,77.1,0.0,0.0,8.5,128498
NOAA20223711907,2022,NC,37119,Mecklenburg,Tornado,24.1,2.78,0.0,0.8,6036
NOAA20223711910,2022,NC,37119,Mecklenburg,Thunderstorm Wind,88.2,0.0,0.0,9.8,15733
NOAA20223105500,2022,NE,31055,Douglas,Hail,85.4,2.43,0.0,9.0,31159
NOAA20223401303,2022,NJ,34013,Essex,Flash Flood,66.7,0.0,2.05,9.6,54135
NOAA20223401304,2022,NJ,34013,Essex,Winter Storm,59.8,0.0,0.0,2.1,111775
NOAA20223200300,2022,NV,32003,Clark,Flash Flood,107.1,0.0,0.05,2.1,9678
NOAA20223200305,2022,NV,32003,Clark,Winter Storm,48.2,0.0,0.0,8.2,2111
NOAA20223602900,2022,NY,36029,Erie,Winter Storm,63.3,0.0,0.0,11.7,5076
NOAA20223602902,2022,NY,36029,Erie,Winter Storm,79.0,0.0,0.0,1.5,21834
NOAA20223605909,2022,NY,36059,Nassau,Thunderstorm Wind,76.3,0.0,0.0,1.2,78256
NOAA20223610305,2022,NY,36103,Suffolk,Flash Flood,95.2,0.0,2.6,3.0,181252
NOAA20223903501,2022,OH,39035,Cuyahoga,Winter Storm,115.4,0.0,0.0,7.8,49037
NOAA20223903503,2022,OH,39035,Cuyahoga,Winter Storm,66.2,0.0,0.0,3.4,240177
NOAA20223904909,2022,OH,39049,Franklin,Thunderstorm Wind,123.8,0.0,0.0,7.3,122677
NOAA20224010905,2022,OK,40109,Oklahoma,Thunderstorm Wind,107.7,0.0,0.0,10.3,44747
NOAA20224014305,2022,OK,40143,Tulsa,Hail,124.4,3.26,0.0,6.1,51160
NOAA20224105103,2022,OR,41051,Multnomah,Winter Storm,51.9,0.0,0.0,8.4,316969
NOAA20224210101,2022,PA,42101,Philadelphia,Flash Flood,54.5,0.0,2.06,1.5,328279
NOAA20224210107,2022,PA,42101,Philadelphia,Winter Storm,41.1,0.0,0.0,1.2,1190
NOAA20224504502,2022,SC,45045,Greenville,Thunderstorm Wind,103.2,0.0,0.0,10.0,9171
NOAA20224703704,2022,TN,47037,Davidson,Tornado,90.0,0.41,0.0,8.6,10133
NOAA20224715701,2022,TN,47157,Shelby,Hail,64.2,0.67,0.0,0.8,23585
NOAA20224820103,2022,TX,48201,Harris,Hurricane (Typhoon),146.5,0.0,1.95,9.8,18180
NOAA20224843900,2022,TX,48439,Tarrant,Hail,76.3,3.27,0.0,7.9,1840
NOAA20224903503,2022,UT,49035,Salt Lake,Thunderstorm Wind,67.5,0.0,0.0,8.0,83090
NOAA20225105903,2022,VA,51059,Fairfax,Thunderstorm Wind,78.1,0.0,0.0,8.4,36867
NOAA20225303300,2022,WA,53033,King,Thunderstorm Wind,109.4,0.0,0.0,8.5,54077
NOAA20225507902,2022,WI,55079,Milwaukee,Winter Storm,99.0,0.0,0.0,5.5,34058
NOAA20225507905,2022,WI,55079,Milwaukee,Flash Flood,86.7,0.0,0.54,11.7,21367
NOAA20230107310,2023,AL,1073,Jefferson,Tornado,125.2,1.58,0.0,11.4,366103
NOAA20230109708,2023,AL,1097,Mobile,Thunderstorm Wind,146.6,0.0,0.0,11.5,3205
NOAA20230511908,2023,AR,5119,Pulaski,Tornado,99.8,2.37,0.0,4.6,52956
NOAA20230401306,2023,AZ,4013,Maricopa,Thunderstorm Wind,33.6,0.0,0.0,8.4,16180
NOAA20230607305,2023,CA,6073,San Diego,Thunderstorm Wind,55.0,0.0,0.0,1.0,42464
NOAA20230804106,2023,CO,8041,El Paso,Thunderstorm Wind,63.9,0.0,0.0,9.7,35627
NOAA20230804110,2023,CO,8041,El Paso,Tornado,21.0,3.69,0.0,4.9,85639
NOAA20231208600,2023,FL,12086,Miami-Dade,Flash Flood,174.8,0.0,5.63,9.7,7836
NOAA20231209500,2023,FL,12095,Orange,Hurricane (Typhoon),142.9,0.0,4.42,2.9,1302455
NOAA20231308900,2023,GA,13089,DeKalb,Thunderstorm Wind,58.7,0.0,0.0,4.2,9141
NOAA20231308902,2023,GA,13089,DeKalb,Tornado,112.9,2.72,0.0,7.8,110483
NOAA20231915301,2023,IA,19153,Polk,Thunderstorm Wind,47.1,0.0,0.0,4.8,7029
NOAA20231915303,2023,IA,19153,Polk,Thunderstorm Wind,124.5,0.0,0.0,3.0,14611
NOAA20231703104,2023,IL,17031,Cook,Winter Storm,69.2,0.0,0.0,7.3,6827
NOAA20231703108,2023,IL,17031,Cook,Flash Flood,47.6,0.0,0.0,4.3,5652
NOAA20231716701,2023,IL,17167,Sangamon,Tornado,101.4,1.29,0.0,8.3,59461
NOAA20231809702,2023,IN,18097,Marion,Tornado,137.5,2.07,0.0,2.6,30711
NOAA20232017302,2023,KS,20173,Sedgwick,Thunderstorm Wind,122.2,0.0,0.0,10.1,137304
NOAA20232203302,2023,LA,22033,East Baton Rouge,Thunderstorm Wind,135.9,0.0,0.0,3.2,104145
NOAA20232207106,2023,LA,22071,Orleans,Hurricane (Typhoon),116.3,0.0,3.78,1.7,23528
NOAA20232608103,2023,MI,26081,Kent,Winter Storm,79.4,0.0,0.0,11.0,27595
NOAA20232705304,2023,MN,27053,Hennepin,Hail,89.6,2.01,0.0,5.6,43115
NOAA20232705308,2023,MN,27053,Hennepin,Hail,86.4,1.25,0.0,11.6,11633
NOAA20232909506,2023,MO,29095,Jackson,Hail,108.6,1.31,0.0,10.7,94926
NOAA20232804901,2023,MS,28049,Hinds,Hail,145.6,1.68,0.0,7.3,648818
NOAA20233711900,2023,NC,37119,Mecklenburg,Thunderstorm Wind,103.9,0.0,0.0,11.5,10293
NOAA20233105506,2023,NE,31055,Douglas,Hail,141.9,2.23,0.0,11.7,59273
NOAA20233401303,2023,NJ,34013,Essex,Winter Storm,61.9,0.0,0.0,11.3,21023
NOAA20233401306,2023,NJ,34013,Essex,Thunderstorm Wind,61.6,0.0,0.0,0.7,7786
NOAA20233200300,2023,NV,32003,Clark,Flash Flood,60.8,0.0,0.28,7.9,9510
NOAA20233602902,2023,NY,36029,Erie,Thunderstorm Wind,42.2,0.0,0.0,2.3,95717
NOAA20233605907,2023,NY,36059,Nassau,Winter Storm,82.1,0.0,0.0,7.1,62036
NOAA20233610303,2023,NY,36103,Suffolk,Winter Storm,80.8,0.0,0.0,8.3,79625
NOAA20233610304,2023,NY,36103,Suffolk,Flash Flood,56.4,0.0,2.45,7.1,70778
NOAA20233903502,2023,OH,39035,Cuyahoga,Flash Flood,110.2,0.0,1.9,7.8,9930
NOAA20234010900,2023,OK,40109,Oklahoma,Thunderstorm Wind,146.3,0.0,0.0,6.0,486813
NOAA20234010903,2023,OK,40109,Oklahoma,Hail,99.3,4.16,0.0,10.2,157562
NOAA20234014304,2023,OK,40143,Tulsa,Thunderstorm Wind,113.5,0.0,0.0,8.6,105843
NOAA20234105104,2023,OR,41051,Multnomah,Winter Storm,100.4,0.0,0.0,8.2,946402
NOAA20234210102,2023,PA,42101,Philadelphia,Thunderstorm Wind,44.2,0.0,0.0,7.3,27311
NOAA20234504500,2023,SC,45045,Greenville,Thunderstorm Wind,79.9,0.0,0.0,5.2,60352
NOAA20234504507,2023,SC,45045,Greenville,Thunderstorm Wind,94.4,0.0,0.0,4.4,36238
NOAA20234703709,2023,TN,47037,Davidson,Hail,120.7,2.13,0.0,8.3,175413
NOAA20234802902,2023,TX,48029,Bexar,Hail,63.1,2.93,0.0,10.7,10561
NOAA20234843902,2023,TX,48439,Tarrant,Tornado,85.9,3.36,0.0,7.3,182467
NOAA20234903502,2023,UT,49035,Salt Lake,Thunderstorm Wind,53.0,0.0,0.0,1.8,56972
NOAA20235105907,2023,VA,51059,Fairfax,Winter Storm,63.1,0.0,0.0,11.9,10159
NOAA20235303302,2023,WA,53033,King,Flash Flood,3.3,0.0,0.84,5.5,6749
NOAA20235303306,2023,WA,53033,King,Flash Flood,28.9,0.0,0.0,9.3,9346
NOAA20235507902,2023,WI,55079,Milwaukee,Flash Flood,67.8,0.0,0.0,6.7,79030
